episode,id,proposed_block,date,heading,location_id,location,time,cast,cast_names,voice_only,extras,props,flags,beat,planned_start_seconds,planned_seconds,dialogue_han
1,E01-S01,B07,2011-09-12,.內景 第二漁港市場後倉 夜 #E01-S01#,L37,2011市場後倉,NIGHT,,,,戴工作手套的人,P40,fire;period,cold_open,0,15,0
1,E01-S02,B05,2026-08-18,.外景 鹽澳漁港消波塊 清晨 #E01-S02#,L01,鹽澳漁港消波塊,DAWN,C19;C50;C01,吳承勳;漁港漁工;宋以寧,C01,,P37,water,setup,15,130,80
1,E01-S03,B03,2026-08-18,.內景 臺北盛安理賠部 日 #E01-S03#,L10,臺北盛安,DAY,C01;C53,宋以寧;阿凱,,,P02;P35;P36,none,setup,145,165,222
1,E01-S04,B03,2026-08-18,.內景 臺北盛安主管辦公室 日 #E01-S04#,L10,臺北盛安,DAY,C01;C08,宋以寧;許明達,,,P35;P02,none,setup,310,175,465
1,E01-S05,B03,2026-08-18,.內景 臺北盛安理賠部 日 #E01-S05#,L10,臺北盛安,DAY,C01;C53,宋以寧;阿凱,,,P35;P31,screen,setup,485,155,415
1,E01-S06,B03,2026-08-18,.內景 臺北盛安會議小桌 日 #E01-S06#,L10,臺北盛安,DAY,C01;C08,宋以寧;許明達,,,P35;P02,none,setup,640,180,444
1,E01-S07,B03,2026-08-18,.內景 臺北盛安主管辦公室 日 #E01-S07#,L10,臺北盛安,DAY,C01;C08,宋以寧;許明達,,,P35;P02,none,turn_15,820,185,312
1,E01-S08,B03,2026-08-18,.內景 臺北盛安理賠部 傍晚 #E01-S08#,L10,臺北盛安,DUSK,C01;C53,宋以寧;阿凱,,,P01;P02;P35,none,setup,1005,140,139
1,E01-S09,B06,2026-08-19,.內景 公務車 日 #E01-S09#,L33,車內,DAY,C01;C08,宋以寧;許明達,C08,,P42;P04;P02,vehicle,setup,1145,140,187
1,E01-S10,B06,2026-08-19,.內景 港邊民宿櫃臺 日 #E01-S10#,L12,港邊民宿,DAY,C01;C46,宋以寧;民宿老闆,,,P35;P36,none,setup,1285,145,383
1,E01-S11,B04,2026-08-19,.內景 鹽澳分局櫃臺 日 #E01-S11#,L08,鹽澳分局,DAY,C01;C40,宋以寧;分局承辦,,值班員警,P35;P04,none,setup,1430,230,404
1,E01-S12,B04,2026-08-19,.內景 鹽澳分局小會客區 日 #E01-S12#,L08,鹽澳分局,DAY,C01;C40,宋以寧;分局承辦,,,P35;P04,screen,turn_30,1660,190,195
1,E01-S13,B06,2026-08-19,.外景 分局外騎樓 日 #E01-S13#,L32,鹽澳街區,DAY,C01;C45,宋以寧;吳母,C45,,P04;P02,none,setup,1850,200,472
1,E01-S14,B05,2026-08-19,.外景 鹽澳漁港碼頭 日 #E01-S14#,L19,鹽澳漁港碼頭,DAY,C01;C50,宋以寧;漁港漁工,,,P35;P02,water,setup,2050,140,195
1,E01-S15,B06,2026-08-19,.內景 港邊停車格車內 日 #E01-S15#,L33,車內,DAY,C01;C08,宋以寧;許明達,C08,,P04;P02;P42,vehicle,setup,2190,110,358
1,E01-S16,B05,2026-08-19,.外景 港區漁工宿舍入口 日 #E01-S16#,L13,港區漁工宿舍,DAY,C01;C24,宋以寧;印尼室友,,宿舍管理人,P35;P36,none,setup,2300,165,163
1,E01-S17,B05,2026-08-19,.內景 港區漁工宿舍床位 日 #E01-S17#,L13,港區漁工宿舍,DAY,C01;C24,宋以寧;印尼室友,,,P36;P35,none,setup,2465,225,422
1,E01-S18,B05,2026-08-19,.內景 港區漁工宿舍床位 日 #E01-S18#,L13,港區漁工宿舍,DAY,C01;C24,宋以寧;印尼室友,,,P03;P31,none,setup,2690,170,197
1,E01-S19,B05,2026-08-19,.內外景 港區漁工宿舍鐵梯 傍晚 #E01-S19#,L13,港區漁工宿舍,DUSK,C01;C05;C24,宋以寧;陳柏諺;印尼室友,,,P03;P37,stunt,climax_45,2860,165,72
1,E01-S20,B05,2026-08-19,.內景 港區漁工宿舍走道 傍晚 #E01-S20#,L13,港區漁工宿舍,DUSK,C01;C24,宋以寧;印尼室友,,,P03;P37;P04,none,setup,3025,150,345
1,E01-S21,B06,2026-08-19,.內景 港邊民宿櫃臺 夜 #E01-S21#,L12,港邊民宿,NIGHT,C01;C46,宋以寧;民宿老闆,,,P03;P36;P37,none,setup,3175,140,327
1,E01-S22,B06,2026-08-19,.內景 港邊民宿客房 夜 #E01-S22#,L12,港邊民宿,NIGHT,C01;C08,宋以寧;許明達,C08,,P03;P04;P02,screen,setup,3315,120,167
1,E01-S23,B06,2026-08-19,.內景 港邊民宿客房 深夜 #E01-S23#,L12,港邊民宿,NIGHT,C01,宋以寧,,,P03;P04;P05;P01;P02,screen,ending,3435,130,33
2,E02-S01,B06,2026-08-20,.外景 第二漁港市場廢墟 清晨 #E02-S01#,L02,第二漁港市場廢墟,DAWN,C04;C01,陳秀鸝;宋以寧,,,P34;P42,none,cold_open,0,120,70
2,E02-S02,B06,2026-08-20,.內景 港邊民宿餐桌 日 #E02-S02#,L12,港邊民宿,DAY,C01;C46,宋以寧;民宿老闆,,,P36;P02,none,setup,120,150,424
2,E02-S03,B06,2026-08-20,.外景 市場外圍告示牆 日 #E02-S03#,L02,第二漁港市場廢墟,DAY,C01,宋以寧,,路過菜販,P04;P02,none,setup,270,150,361
2,E02-S04,B06,2026-08-20,.內景 街邊停車格車內 日 #E02-S04#,L33,車內,DAY,C01;C08,宋以寧;許明達,C08,,P04;P02;P42,vehicle,setup,420,150,447
2,E02-S05,B01,2026-08-20,.內景 阿鸝海產廚房 日 #E02-S05#,L04,阿鸝海產,DAY,C04;C05,陳秀鸝;陳柏諺,,,P36;P37,none,setup,570,150,417
2,E02-S06,B06,2026-08-20,.內景 港邊民宿客房門口 日 #E02-S06#,L12,港邊民宿,DAY,C01;C46,宋以寧;民宿老闆,,,P03;P04;P02,screen,setup,720,150,205
2,E02-S07,B06,2026-08-20,.外景 民宿外巷口 日 #E02-S07#,L32,鹽澳街區,DAY,C01;C08,宋以寧;許明達,C08,,P04;P02,none,turn_15,870,150,222
2,E02-S08,B06,2026-08-20,.內景 港邊民宿櫃臺 日 #E02-S08#,L12,港邊民宿,DAY,C01;C46,宋以寧;民宿老闆,,,P35;P36,none,setup,1020,150,358
2,E02-S09,B01,2026-08-20,.內景 阿鸝海產前廳 日 #E02-S09#,L04,阿鸝海產,DAY,C01;C04,宋以寧;陳秀鸝,,午餐客人,P36;P02,none,setup,1170,150,170
2,E02-S10,B01,2026-08-20,.內景 阿鸝海產前廳 日 #E02-S10#,L04,阿鸝海產,DAY,C01;C04,宋以寧;陳秀鸝,,,P36;P35,none,setup,1320,150,352
2,E02-S11,B01,2026-08-20,.內景 阿鸝海產廚房 日 #E02-S11#,L04,阿鸝海產,DAY,C04;C05,陳秀鸝;陳柏諺,,,P36;P37,none,setup,1470,150,187
2,E02-S12,B01,2026-08-20,.內景 阿鸝海產前廳 日 #E02-S12#,L04,阿鸝海產,DAY,C01;C04;C05,宋以寧;陳秀鸝;陳柏諺,,,P36;P37,none,setup,1620,150,167
2,E02-S13,B01,2026-08-20,.內景 阿鸝海產門口 日 #E02-S13#,L04,阿鸝海產,DAY,C01;C04;C05,宋以寧;陳秀鸝;陳柏諺,,,P36;P37,none,turn_30,1770,160,217
2,E02-S14,B06,2026-08-20,.外景 阿鸝海產外巷口 傍晚 #E02-S14#,L32,鹽澳街區,DUSK,C01,宋以寧,,附近鄰居,P04;P02,none,setup,1930,140,351
2,E02-S15,B01,2026-08-20,.內景 阿鸝海產後廚 傍晚 #E02-S15#,L04,阿鸝海產,DUSK,C04;C05,陳秀鸝;陳柏諺,,,P36;P37,none,setup,2070,140,348
2,E02-S16,B01,2026-08-20,.外景 宋記對面騎樓 傍晚 #E02-S16#,L03,宋記,DUSK,C01,宋以寧,,買醬油的鄰居,P36;P04,none,setup,2210,140,136
2,E02-S17,B01,2026-08-20,.內景 宋記店面 夜 #E02-S17#,L03,宋記,NIGHT,C01;C03,宋以寧;宋美惠,,,P36,none,setup,2350,140,135
2,E02-S18,B01,2026-08-20,.內景 宋記櫃臺 夜 #E02-S18#,L03,宋記,NIGHT,C01;C03,宋以寧;宋美惠,,,P36;P04,none,setup,2490,140,485
2,E02-S19,B01,2026-08-20,.內景 宋記櫃臺 夜 #E02-S19#,L03,宋記,NIGHT,C01;C03,宋以寧;宋美惠,,,P04;P05;P36,screen,climax_45,2630,170,187
2,E02-S20,B01,2026-08-20,.內景 宋記後間倉庫 夜 #E02-S20#,L03,宋記,NIGHT,C01;C03,宋以寧;宋美惠,,,P33;P36,none,setup,2800,180,321
2,E02-S21,B06,2026-08-20,.內景 港邊民宿樓梯 夜 #E02-S21#,L12,港邊民宿,NIGHT,C01;C46,宋以寧;民宿老闆,,,P36;P04,none,setup,2980,180,181
2,E02-S22,B06,2026-08-20,.內景 港邊民宿客房 夜至清晨 #E02-S22#,L12,港邊民宿,NIGHT,C01;C46,宋以寧;民宿老闆,,,P03;P04;P02;P31,none,ending,3160,305,193
3,E03-S01,B05,2026-08-21,.外景 鹽澳漁港消波塊 清晨 #E03-S01#,L01,鹽澳漁港消波塊,DAWN,C01,宋以寧,,巡邏員警,P39;P04;P02,water,cold_open,0,120,127
3,E03-S02,B05,2026-08-21,.外景 碼頭安全區 清晨 #E03-S02#,L19,鹽澳漁港碼頭,DAWN,C01,宋以寧,,巡邏員警,P02;P35;P39,water,setup,120,150,248
3,E03-S03,B06,2026-08-21,.內景 港邊民宿客房 日 #E03-S03#,L12,港邊民宿,DAY,C01;C46,宋以寧;民宿老闆,,,P03;P31;P02,none,setup,270,150,246
3,E03-S04,B06,2026-08-21,.內景 停車格車內 日 #E03-S04#,L33,車內,DAY,C01;C02,宋以寧;周晏禮,C02,,P04;P02;P42,vehicle,setup,420,150,253
3,E03-S05,B03,2026-08-21,.內景 周晏禮縣城工作室 日 #E03-S05#,L11,周晏禮縣城工作室,DAY,C01;C02,宋以寧;周晏禮,,,P09;P02;P35,none,setup,570,150,393
3,E03-S06,B03,2026-08-21,.內景 周晏禮工作桌 日 #E03-S06#,L11,周晏禮縣城工作室,DAY,C01;C02,宋以寧;周晏禮,,,P35;P02;P39,screen,setup,720,150,249
3,E03-S07,B03,2026-08-21,.內景 周晏禮工作室 日 #E03-S07#,L11,周晏禮縣城工作室,DAY,C01;C02,宋以寧;周晏禮,,,P09;P02;P35,none,turn_15,870,165,272
3,E03-S08,B03,2026-08-21,.內景 工作室茶水架旁 日 #E03-S08#,L11,周晏禮縣城工作室,DAY,C01;C02,宋以寧;周晏禮,,,P35;P36,none,setup,1035,150,369
3,E03-S09,B03,2026-08-21,.內景 工作室工作桌 日 #E03-S09#,L11,周晏禮縣城工作室,DAY,C01;C02,宋以寧;周晏禮,,,P03;P35;P02,none,setup,1185,150,435
3,E03-S10,B06,2026-08-21,.內景 分局外停車格車內 日 #E03-S10#,L33,車內,DAY,C01;C08,宋以寧;許明達,C08,,P04;P02;P42,vehicle,setup,1335,150,212
3,E03-S11,B04,2026-08-21,.內景 鹽澳分局櫃臺 日 #E03-S11#,L08,鹽澳分局,DAY,C01;C40,宋以寧;分局承辦,,,P03;P35,none,setup,1485,150,209
3,E03-S12,B04,2026-08-21,.內景 鹽澳分局櫃臺 日 #E03-S12#,L08,鹽澳分局,DAY,C01;C40,宋以寧;分局承辦,,,P03;P35;P04,screen,setup,1635,150,378
3,E03-S13,B06,2026-08-21,.內景 港邊民宿客房 日 #E03-S13#,L12,港邊民宿,DAY,C01;C08,宋以寧;許明達,C08,,P04;P35;P02,none,turn_30,1785,165,241
3,E03-S14,B03,2026-08-21,.內景 周晏禮工作室 日 #E03-S14#,L11,周晏禮縣城工作室,DAY,C02;C01,周晏禮;宋以寧,C01,,P35;P09,none,setup,1950,150,239
3,E03-S15,B06,2026-08-21,.內景 港邊民宿餐桌 日 #E03-S15#,L12,港邊民宿,DAY,C01;C46,宋以寧;民宿老闆,,,P36;P35,none,setup,2100,140,226
3,E03-S16,B06,2026-08-21,.內景 工作室外停車格車內 傍晚 #E03-S16#,L33,車內,DUSK,C01;C02,宋以寧;周晏禮,C02,,P04;P07;P42,vehicle,setup,2240,140,199
3,E03-S17,B03,2026-08-21,.內景 周晏禮工作室 夜 #E03-S17#,L11,周晏禮縣城工作室,NIGHT,C01;C02,宋以寧;周晏禮,,,P09;P35;P02,none,setup,2380,150,404
3,E03-S18,B03,2026-08-21,.內景 工作室工作桌 夜 #E03-S18#,L11,周晏禮縣城工作室,NIGHT,C01;C02,宋以寧;周晏禮,,,P09;P02;P36,none,setup,2530,150,228
3,E03-S19,B03,2026-08-21,.內景 周晏禮工作室 夜 #E03-S19#,L11,周晏禮縣城工作室,NIGHT,C01;C02,宋以寧;周晏禮,,,P07;P09,none,climax_45,2680,180,379
3,E03-S20,B03,2026-08-21,.內景 工作室門口 夜 #E03-S20#,L11,周晏禮縣城工作室,NIGHT,C01;C02,宋以寧;周晏禮,,,P07;P35;P02,none,setup,2860,140,213
3,E03-S21,B06,2026-08-21,.外景 市場廢墟告示牆 夜 #E03-S21#,L02,第二漁港市場廢墟,NIGHT,C01,宋以寧,,夜巡保全,P07;P04;P02,none,setup,3000,145,198
3,E03-S22,B01,2026-08-21,.內景 阿鸝海產廚房 深夜 #E03-S22#,L04,阿鸝海產,NIGHT,C01;C04,宋以寧;陳秀鸝,,,P04;P36,none,ending,3145,100,123
4,E04-S01,B03,2026-08-22,.內景 臺北盛安檔案倉 早晨 #E04-S01#,L10,臺北盛安,DAY,C01,宋以寧,,檔案管理員,P35;P10,screen,cold_open,0,120,128
4,E04-S02,B03,2026-08-22,.內景 盛安檔案倉閱覽桌 日 #E04-S02#,L10,臺北盛安,DAY,C01,宋以寧,,檔案管理員,P10;P35;P02,none,setup,120,150,240
4,E04-S03,B03,2026-08-22,.內景 盛安檔案倉 日 #E04-S03#,L10,臺北盛安,DAY,C01;C53,宋以寧;阿凱,,,P10;P35;P02,screen,setup,270,150,391
4,E04-S04,B03,2026-08-22,.內景 盛安檔案倉閱覽桌 日 #E04-S04#,L10,臺北盛安,DAY,C01,宋以寧,,檔案管理員,P10;P35,none,setup,420,150,355
4,E04-S05,B03,2026-08-22,.內景 盛安檔案倉外走廊 日 #E04-S05#,L10,臺北盛安,DAY,C01;C02,宋以寧;周晏禮,C02,,P07;P10;P04,none,setup,570,150,228
4,E04-S06,B03,2026-08-22,.內景 盛安檔案倉閱覽桌 日 #E04-S06#,L10,臺北盛安,DAY,C01;C53,宋以寧;阿凱,,,P10;P07;P35,none,setup,720,150,409
4,E04-S07,B03,2026-08-22,.內景 盛安檔案倉電腦席 日 #E04-S07#,L10,臺北盛安,DAY,C01;C53,宋以寧;阿凱,,,P10;P07;P31;P02,screen,turn_15,870,170,226
4,E04-S08,B03,2026-08-22,.內景 盛安主管辦公室門口 日 #E04-S08#,L10,臺北盛安,DAY,C01;C08,宋以寧;許明達,,,P10;P35,none,setup,1040,150,230
4,E04-S09,B03,2026-08-22,.內景 盛安員工休息區 日 #E04-S09#,L10,臺北盛安,DAY,C01;C53,宋以寧;阿凱,,,P36;P31,none,setup,1190,150,418
4,E04-S10,B03,2026-08-22,.內景 盛安休息區 電視畫面 日 #E04-S10#,L10,臺北盛安,DAY,C01;C09;C13,宋以寧;黃添財;蔡承澔,,現場記者,P31;P36,screen,setup,1340,150,222
4,E04-S11,B03,2026-08-22,.內景 盛安核保部外 日 #E04-S11#,L10,臺北盛安,DAY,C01,宋以寧,,核保同事,P35;P10;P31,none,setup,1490,150,406
4,E04-S12,B03,2026-08-22,.內景 盛安理賠部 日 #E04-S12#,L10,臺北盛安,DAY,C01;C53,宋以寧;阿凱,,,P35;P10;P02,screen,setup,1640,150,226
4,E04-S13,B03,2026-08-22,.內景 盛安主管辦公室 日 #E04-S13#,L10,臺北盛安,DAY,C01;C08,宋以寧;許明達,,,P35;P10,screen,turn_30,1790,180,250
4,E04-S14,B03,2026-08-22,.內景 盛安主管辦公室 日 #E04-S14#,L10,臺北盛安,DAY,C01;C08,宋以寧;許明達,,,P35;P02,none,setup,1970,150,433
4,E04-S15,B03,2026-08-22,.內景 盛安茶水間 日 #E04-S15#,L10,臺北盛安,DAY,C01;C53,宋以寧;阿凱,,,P35;P36,none,setup,2120,150,421
4,E04-S16,B03,2026-08-22,.內景 盛安檔案倉櫃檯 傍晚 #E04-S16#,L10,臺北盛安,DUSK,C01,宋以寧,,檔案管理員,P35;P10,none,setup,2270,150,199
4,E04-S17,B03,2026-08-22,.內景 盛安理賠部 傍晚 #E04-S17#,L10,臺北盛安,DUSK,C01;C53,宋以寧;阿凱,,,P35;P02;P10,screen,setup,2420,150,384
4,E04-S18,B03,2026-08-22,.內景 盛安電梯外 夜 #E04-S18#,L10,臺北盛安,NIGHT,C01;C08,宋以寧;許明達,,,P35;P10,none,setup,2570,150,202
4,E04-S19,B03,2026-08-22,.內景 盛安檔案倉 夜 #E04-S19#,L10,臺北盛安,NIGHT,C01,宋以寧,,檔案管理員（電話）,P10;P07;P35,none,setup,2720,135,139
4,E04-S20,B03,2026-08-22,.內景 盛安檔案倉 夜 #E04-S20#,L10,臺北盛安,NIGHT,C01;C08,宋以寧;許明達,,,P10;P35,none,climax_45,2855,80,47
4,E04-S21,B03,2026-08-22,.內景 盛安檔案倉外走廊 夜 #E04-S21#,L10,臺北盛安,NIGHT,C01;C53,宋以寧;阿凱,C53,,P35;P04;P02,screen,setup,2935,170,203
4,E04-S22,B03,2026-08-22,.內景 盛安檔案倉與外走廊 夜 #E04-S22#,L10,臺北盛安,NIGHT,C01;C07,宋以寧;郭志豪,C07,,P10;P35;P04;P02,screen,ending,3105,180,162
5,E05-S01,B06,2026-08-23,.外景 省道便利商店 凌晨 #E05-S01#,L32,鹽澳街區,NIGHT,C05,陳柏諺,,宏澤組頭,P31;P37;P42,vehicle,cold_open,0,130,303
5,E05-S02,B01,2026-08-23,.內景 阿鸝海產後間 凌晨 #E05-S02#,L04,阿鸝海產,NIGHT,C05;C04,陳柏諺;陳秀鸝,,,P36;P31,none,setup,130,140,264
5,E05-S03,B06,2026-08-23,.內景 港邊民宿早餐區 上午 #E05-S03#,L12,港邊民宿,DAY,C01;C07,宋以寧;郭志豪,,,P35;P02;P36,none,setup,270,150,356
5,E05-S04,B06,2026-08-23,.內景 港邊民宿走廊 上午 #E05-S04#,L12,港邊民宿,DAY,C01;C07,宋以寧;郭志豪,,,P35;P02;P04,none,setup,420,145,223
5,E05-S05,B05,2026-08-23,.外景 冷凍廠裝貨區 上午 #E05-S05#,L14,冷凍廠,DAY,C05;C31,陳柏諺;工頭,,,P36;P37;P31,none,setup,565,140,290
5,E05-S06,B06,2026-08-23,.內景 郭志豪停妥車內 下午 #E05-S06#,L33,車內,DAY,C07;C01,郭志豪;宋以寧,C01,,P31;P04;P42,vehicle;screen,setup,705,145,215
5,E05-S07,B06,2026-08-23,.內景 港邊民宿房間 下午 #E05-S07#,L12,港邊民宿,DAY,C01;C07,宋以寧;郭志豪,,,P31;P04;P02,none,turn_15,850,160,339
5,E05-S08,B06,2026-08-23,.內景 港邊民宿房間 下午 #E05-S08#,L12,港邊民宿,DAY,C01;C07,宋以寧;郭志豪,,,P41;P35;P02,none,setup,1010,135,198
5,E05-S09,B06,2026-08-23,.外景 省道巷口 傍晚 #E05-S09#,L32,鹽澳街區,DUSK,C05,陳柏諺,,宏澤組頭,P31;P42;P37,vehicle;screen,setup,1145,150,265
5,E05-S10,B01,2026-08-23,.內景 阿鸝海產店面 傍晚 #E05-S10#,L04,阿鸝海產,DUSK,C01;C04,宋以寧;陳秀鸝,,,P36;P43,none,setup,1295,140,177
5,E05-S11,B01,2026-08-23,.內景 阿鸝海產廚房 傍晚 #E05-S11#,L04,阿鸝海產,DUSK,C01;C04,宋以寧;陳秀鸝,,,P36;P43,none,setup,1435,150,305
5,E05-S12,B01,2026-08-23,.內景 阿鸝海產廚房門邊 夜 #E05-S12#,L04,阿鸝海產,NIGHT,C01;C07;C04,宋以寧;郭志豪;陳秀鸝,C07,,P04;P31;P36,screen,setup,1585,145,164
5,E05-S13,B01,2026-08-23,.內景 阿鸝海產廚房 夜 #E05-S13#,L04,阿鸝海產,NIGHT,C01;C04,宋以寧;陳秀鸝,,,P04;P36,none,turn_30,1730,165,269
5,E05-S14,B06,2026-08-23,.內景 冷凍廠外停妥車內 夜 #E05-S14#,L33,車內,NIGHT,C01;C07,宋以寧;郭志豪,,,P04;P42;P35,vehicle,setup,1895,135,227
5,E05-S15,B05,2026-08-23,.外景 冷凍廠後巷 夜 #E05-S15#,L14,冷凍廠,NIGHT,C01;C05,宋以寧;陳柏諺,,,P37;P36;P04,none,setup,2030,140,313
5,E05-S16,B05,2026-08-23,.外景 冷凍廠後巷 夜 #E05-S16#,L14,冷凍廠,NIGHT,C01;C05,宋以寧;陳柏諺,,,P37;P04;P36,none,setup,2170,150,254
5,E05-S17,B01,2026-08-23,.內景 阿鸝海產後間 夜 #E05-S17#,L04,阿鸝海產,NIGHT,C04;C05,陳秀鸝;陳柏諺,C05,,P36;P04;P43,none,setup,2320,140,179
5,E05-S18,B05,2026-08-23,.外景 冷凍廠外巷 夜 #E05-S18#,L14,冷凍廠,NIGHT,C01;C05,宋以寧;陳柏諺,,,P31;P04;P37,none,setup,2460,150,357
5,E05-S19,B05,2026-08-23,.外景 冷凍廠外巷 夜 #E05-S19#,L14,冷凍廠,NIGHT,C01;C05,宋以寧;陳柏諺,,,P31;P04;P35,screen,climax_45,2610,235,416
5,E05-S20,B06,2026-08-23,.內景 路邊停妥車內 夜 #E05-S20#,L33,車內,NIGHT,C01;C07,宋以寧;郭志豪,C07,,P04;P31;P02;P42,vehicle;screen,setup,2845,155,234
5,E05-S21,B05,2026-08-23,.外景 冷凍廠工作區外 夜 #E05-S21#,L14,冷凍廠,NIGHT,C05,陳柏諺,,宏澤組頭,P31;P37;P42,vehicle,setup,3000,140,258
5,E05-S22,B01,2026-08-23,.內景 阿鸝海產店面 夜 #E05-S22#,L04,阿鸝海產,NIGHT,C04;C01,陳秀鸝;宋以寧,C01,,P04;P36;P43,none,setup,3140,125,189
5,E05-S23,B06,2026-08-23,.內景 廟埕外停妥車內 夜 #E05-S23#,L33,車內,NIGHT,C01;C07,宋以寧;郭志豪,C07,,P04;P31;P42,vehicle;screen,setup,3265,110,197
5,E05-S24,B02,2026-08-23,.外景 靖瀾宮側門 夜 #E05-S24#,L06,靖瀾宮後殿,NIGHT,C05;C14;C07,陳柏諺;鐘文吉;郭志豪,C07,,P31;P42;P43,screen;vehicle,ending,3375,90,4
6,E06-S01,B06,2026-08-24,.外景 宏澤登記地址門口 清晨 #E06-S01#,L32,鹽澳街區,DAWN,C01;C07,宋以寧;郭志豪,C07,,P04;P31;P42,screen,cold_open,0,130,208
6,E06-S02,B06,2026-08-24,.內景 港邊民宿早餐區 早上 #E06-S02#,L12,港邊民宿,DAY,C01;C46,宋以寧;民宿老闆,,,P31;P35;P36,none,setup,130,140,308
6,E06-S03,B06,2026-08-24,.內景 港邊民宿房間 上午 #E06-S03#,L12,港邊民宿,DAY,C01;C45,宋以寧;吳母,C45,,P04;P35;P02,none,setup,270,150,404
6,E06-S04,B06,2026-08-24,.外景 靖瀾宮廟埕 上午 #E06-S04#,L05,靖瀾宮廟埕,DAY,C01,宋以寧,,青草茶攤販,P36;P31,none,setup,420,145,207
6,E06-S05,B06,2026-08-24,.外景 靖瀾宮功德榜前 上午 #E06-S05#,L05,靖瀾宮廟埕,DAY,C01;C43,宋以寧;廟務人員,,,P31;P43,none,setup,565,140,199
6,E06-S06,B06,2026-08-24,.外景 靖瀾宮廟埕 上午 #E06-S06#,L05,靖瀾宮廟埕,DAY,C01,宋以寧,,青草茶攤販,P36;P31,none,setup,705,145,186
6,E06-S07,B06,2026-08-24,.外景 靖瀾宮廟埕 上午 #E06-S07#,L05,靖瀾宮廟埕,DAY,C01,宋以寧,,青草茶攤販,P31;P36;P04,screen,turn_15,850,160,208
6,E06-S08,B06,2026-08-24,.內景 停妥車內 中午 #E06-S08#,L33,車內,DAY,C01;C07,宋以寧;郭志豪,C07,,P04;P31;P42,vehicle;screen,setup,1010,135,239
6,E06-S09,B03,2026-08-24,.內景 臺北盛安理賠部 下午 #E06-S09#,L10,臺北盛安,DAY,C01;C53,宋以寧;阿凱,,,P35;P31;P04,none,setup,1145,150,379
6,E06-S10,B03,2026-08-24,.內景 臺北盛安法遵辦公區 下午 #E06-S10#,L10,臺北盛安,DAY,C01,宋以寧,,法遵主管,P35;P31;P04,none,setup,1295,140,257
6,E06-S11,B03,2026-08-24,.內景 臺北盛安法遵辦公區 下午 #E06-S11#,L10,臺北盛安,DAY,C01,宋以寧,,法遵主管,P35;P31,screen,setup,1435,150,244
6,E06-S12,B03,2026-08-24,.內景 臺北盛安法遵會議室 下午 #E06-S12#,L10,臺北盛安,DAY,C08;C01,許明達;宋以寧,,法遵主管,P35;P31,screen,setup,1585,145,237
6,E06-S13,B03,2026-08-24,.內景 臺北盛安理賠部走廊 下午 #E06-S13#,L10,臺北盛安,DAY,C01;C08;C53,宋以寧;許明達;阿凱,,,P35;P04;P31,none,turn_30,1730,165,251
6,E06-S14,B03,2026-08-24,.內景 臺北盛安小會議室 下午 #E06-S14#,L10,臺北盛安,DAY,C53;C40;C01,阿凱;分局承辦;宋以寧,C40,,P04;P35;P31,none,setup,1895,135,274
6,E06-S15,B03,2026-08-24,.內景 臺北盛安主管辦公室門口 下午 #E06-S15#,L10,臺北盛安,DAY,C01;C08,宋以寧;許明達,,,P35;P04,none,setup,2030,140,261
6,E06-S16,B03,2026-08-24,.內景 臺北盛安法遵會議室 下午 #E06-S16#,L10,臺北盛安,DAY,C01;C08,宋以寧;許明達,,法遵主管,P35;P31,none,setup,2170,150,260
6,E06-S17,B03,2026-08-24,.內景 臺北盛安接待室 傍晚 #E06-S17#,L10,臺北盛安,DUSK,C01;C08,宋以寧;許明達,,宏澤委任律師,P35;P43,none,setup,2320,140,355
6,E06-S18,B03,2026-08-24,.內景 臺北盛安法遵會議室 傍晚 #E06-S18#,L10,臺北盛安,DUSK,C01;C08,宋以寧;許明達,,宏澤委任律師,P35,none,setup,2460,150,251
6,E06-S19,B03,2026-08-24,.內景 臺北盛安法遵會議室 傍晚 #E06-S19#,L10,臺北盛安,DUSK,C01;C08;C53,宋以寧;許明達;阿凱,,宏澤委任律師,P35;P31,screen,climax_45,2610,180,212
6,E06-S20,B03,2026-08-24,.內景 臺北盛安法遵會議室 傍晚 #E06-S20#,L10,臺北盛安,DUSK,C01;C08,宋以寧;許明達,,法遵主管,P35;P31,none,setup,2790,155,231
6,E06-S21,B05,2026-08-24,.外景 港邊漁網堆 黃昏 #E06-S21#,L19,鹽澳漁港碼頭,DUSK,C04;C05,陳秀鸝;陳柏諺,,,P37;P04;P36,medical,setup,2945,140,156
6,E06-S22,B04,2026-08-24,.內景 縣城醫院急診 夜 #E06-S22#,L18,縣城醫院,NIGHT,C04;C05;C47,陳秀鸝;陳柏諺;醫護人員,,,P37;P35;P36,medical,setup,3085,125,298
6,E06-S23,B06,2026-08-24,.內景 公務車內路邊停車處 夜 #E06-S23#,L33,車內,NIGHT,C01;C53,宋以寧;阿凱,C53,,P04;P35;P42,vehicle,setup,3210,110,222
6,E06-S24,B01,2026-08-24,.外景 阿鸝海產門口 深夜 #E06-S24#,L04,阿鸝海產,NIGHT,C01;C04,宋以寧;陳秀鸝,,,P35;P37;P43,none,ending,3320,145,141
7,E07-S01,B01,2026-08-25,.內景 宋記店面 午後 #E07-S01#,L03,宋記,DAY,C01;C03,宋以寧;宋美惠,,,P36;P34;P43,none,cold_open,0,130,237
7,E07-S02,B01,2026-08-25,.內景 宋記店面 午後 #E07-S02#,L03,宋記,DAY,C01,宋以寧,,賒帳老客人,P36;P43,none,setup,130,140,308
7,E07-S03,B06,2026-08-25,.外景 靖瀾宮廟埕 午後 #E07-S03#,L05,靖瀾宮廟埕,DAY,C03;C43,宋美惠;廟務人員,,,P34;P35;P43,none,setup,270,150,283
7,E07-S04,B01,2026-08-25,.內景 宋記店面 午後 #E07-S04#,L03,宋記,DAY,C01,宋以寧,,買飲料的少年,P36;P43;P04,none,setup,420,145,267
7,E07-S05,B06,2026-08-25,.內景 添隆樣品屋臨時辦公區 午後 #E07-S05#,L15,添隆工地樣品屋,DAY,C06,蔡書妍,,添隆幹部甲;添隆幹部乙,P10;P35;P31,none,setup,565,140,332
7,E07-S06,B01,2026-08-25,.內景 宋記店面 午後 #E07-S06#,L03,宋記,DAY,C01;C03,宋以寧;宋美惠,C03,,P11;P13;P04;P43,none,setup,705,145,225
7,E07-S07,B01,2026-08-25,.內景 宋記櫃檯後 午後 #E07-S07#,L03,宋記,DAY,C01,宋以寧,,,P11;P13;P04;P02,screen,turn_15,850,160,145
7,E07-S08,B01,2026-08-25,.內景 宋記店面 下午 #E07-S08#,L03,宋記,DAY,C01;C54,宋以寧;鎮公所民政承辦,C54,,P04;P35;P02,none,setup,1010,135,257
7,E07-S09,B06,2026-08-25,.外景 靖瀾宮廟埕 下午 #E07-S09#,L05,靖瀾宮廟埕,DAY,C03;C43,宋美惠;廟務人員,,,P34;P35;P43,none,setup,1145,150,168
7,E07-S10,B04,2026-08-25,.內景 鎮公所會議室 下午 #E07-S10#,L09,鎮公所禮堂,DAY,C06,蔡書妍,,添隆幹部甲;鎮公所主管,P10;P35;P43,none,setup,1295,140,346
7,E07-S11,B01,2026-08-25,.內景 宋記店面 下午 #E07-S11#,L03,宋記,DAY,C01;C03,宋以寧;宋美惠,,,P11;P13;P36;P43,none,setup,1435,150,239
7,E07-S12,B01,2026-08-25,.內景 宋記廚房 下午 #E07-S12#,L03,宋記,DAY,C01;C03,宋以寧;宋美惠,,,P11;P13;P36;P43,none,setup,1585,170,305
7,E07-S13,B01,2026-08-25,.內景 宋記廚房 下午 #E07-S13#,L03,宋記,DAY,C01;C03,宋以寧;宋美惠,,,P11;P13;P36,none,turn_30,1755,190,449
7,E07-S14,B01,2026-08-25,.內景 宋記樓梯與後間 下午 #E07-S14#,L03,宋記,DAY,C01;C03,宋以寧;宋美惠,,,P11;P13;P43;P36,none,setup,1945,160,295
7,E07-S15,B01,2026-08-25,.外景 宋記門口 下午 #E07-S15#,L03,宋記,DAY,C01;C03,宋以寧;宋美惠,,,P43;P04;P36,none,setup,2105,140,219
7,E07-S16,B04,2026-08-25,.內景 鎮公所會議室外走廊 下午 #E07-S16#,L09,鎮公所禮堂,DAY,C06;C08,蔡書妍;許明達,C08,,P10;P35;P04,none,setup,2245,150,259
7,E07-S17,B01,2026-08-25,.內景 阿鸝海產二樓窗邊 下午 #E07-S17#,L04,阿鸝海產,DAY,C05;C04,陳柏諺;陳秀鸝,C04,,P37;P36;P42,medical,setup,2395,40,19
7,E07-S18,B04,2026-08-25,.內景 鎮公所民政櫃檯 下午 #E07-S18#,L09,鎮公所禮堂,DAY,C01;C54;C06,宋以寧;鎮公所民政承辦;蔡書妍,,,P35;P06;P02,none,setup,2435,150,227
7,E07-S19,B04,2026-08-25,.內景 鎮公所走廊 下午 #E07-S19#,L09,鎮公所禮堂,DAY,C01;C06,宋以寧;蔡書妍,,推文件車職員,P06;P35;P10,none,climax_45,2585,205,346
7,E07-S20,B04,2026-08-25,.內景 鎮公所走廊盡頭 傍晚 #E07-S20#,L09,鎮公所禮堂,DUSK,C01;C06,宋以寧;蔡書妍,,,P35;P10;P02,none,setup,2790,155,267
7,E07-S21,B06,2026-08-25,.外景 鎮公所外人行道 傍晚 #E07-S21#,L32,鹽澳街區,DUSK,C01;C08,宋以寧;許明達,C08,,P04;P02;P35,none,setup,2945,140,247
7,E07-S22,B01,2026-08-25,.內景 宋記店面 傍晚 #E07-S22#,L03,宋記,DUSK,C03,宋美惠,,賒帳老客人,P36;P43;P11;P13,none,setup,3085,125,189
7,E07-S23,B04,2026-08-25,.外景 鎮公所門口 傍晚 #E07-S23#,L09,鎮公所禮堂,DUSK,C01;C54,宋以寧;鎮公所民政承辦,,,P35;P06;P02,none,setup,3210,110,239
7,E07-S24,B04,2026-08-25,.外景 鎮公所停車場 傍晚 #E07-S24#,L09,鎮公所禮堂,DUSK,C01;C06,宋以寧;蔡書妍,,,P35;P42;P04,vehicle,ending,3320,145,121
8,E08-S01,B06,2026-08-26,.外景 添隆工地圍籬 清晨 #E08-S01#,L15,添隆工地樣品屋,DAWN,C01,宋以寧,,樣品屋保全,P10;P04;P42,vehicle;screen,cold_open,0,130,185
8,E08-S02,B06,2026-08-26,.外景 添隆樣品屋門口 早上 #E08-S02#,L15,添隆工地樣品屋,DAY,C01,宋以寧,,樣品屋保全,P35;P10;P43,none,setup,130,140,211
8,E08-S03,B06,2026-08-26,.內景 港邊民宿房間 上午 #E08-S03#,L12,港邊民宿,DAY,C01;C07,宋以寧;郭志豪,C07,,P04;P10;P31;P02,screen,setup,270,150,243
8,E08-S04,B06,2026-08-26,.內景 港邊民宿房間 上午 #E08-S04#,L12,港邊民宿,DAY,C01;C53,宋以寧;阿凱,C53,,P04;P10;P35,none,setup,420,145,261
8,E08-S05,B03,2026-08-26,.內景 周晏禮縣城工作室 上午 #E08-S05#,L11,周晏禮縣城工作室,DAY,C01;C02,宋以寧;周晏禮,,,P10;P07;P09;P36,screen,setup,565,140,309
8,E08-S06,B03,2026-08-26,.內景 周晏禮縣城工作室 上午 #E08-S06#,L11,周晏禮縣城工作室,DAY,C01;C02,宋以寧;周晏禮,,,P10;P07;P35,none,setup,705,145,233
8,E08-S07,B03,2026-08-26,.內景 周晏禮縣城工作室 上午 #E08-S07#,L11,周晏禮縣城工作室,DAY,C01;C02,宋以寧;周晏禮,,,P10;P07;P02,none,turn_15,850,160,358
8,E08-S08,B03,2026-08-26,.內景 周晏禮縣城工作室 中午 #E08-S08#,L11,周晏禮縣城工作室,DAY,C01;C02,宋以寧;周晏禮,,,P10;P31;P35,screen,setup,1010,135,252
8,E08-S09,B03,2026-08-26,.內景 臺北盛安理賠部 下午 #E08-S09#,L10,臺北盛安,DAY,C01;C53,宋以寧;阿凱,,,P35;P31;P36,screen,setup,1145,150,279
8,E08-S10,B03,2026-08-26,.內景 臺北盛安主管辦公室 下午 #E08-S10#,L10,臺北盛安,DAY,C08;C09;C01,許明達;黃添財;宋以寧,C09,,P04;P10;P35,none,setup,1295,140,239
8,E08-S11,B03,2026-08-26,.內景 臺北盛安主管辦公室 下午 #E08-S11#,L10,臺北盛安,DAY,C01;C08;C09,宋以寧;許明達;黃添財,C09,,P35;P04;P10,none,setup,1435,150,230
8,E08-S12,B03,2026-08-26,.內景 臺北盛安主管辦公室 下午 #E08-S12#,L10,臺北盛安,DAY,C01;C08;C09,宋以寧;許明達;黃添財,C09,,P35;P04;P10,none,setup,1585,145,387
8,E08-S13,B03,2026-08-26,.內景 臺北盛安主管辦公室 下午 #E08-S13#,L10,臺北盛安,DAY,C01;C08,宋以寧;許明達,,,P35;P42;P31,none,turn_30,1730,165,204
8,E08-S14,B03,2026-08-26,.內景 臺北盛安停車場 下午 #E08-S14#,L10,臺北盛安,DAY,C01;C08;C53,宋以寧;許明達;阿凱,,,P35;P42;P36,vehicle,setup,1895,135,272
8,E08-S15,B06,2026-08-26,.內景 自用車停車處 傍晚 #E08-S15#,L33,車內,DUSK,C01;C07,宋以寧;郭志豪,C07,,P04;P42;P35,vehicle,setup,2030,140,216
8,E08-S16,B06,2026-08-26,.外景 添隆樣品屋門口 傍晚 #E08-S16#,L15,添隆工地樣品屋,DUSK,C01,宋以寧,,樣品屋保全,P35;P42;P10,none,setup,2170,150,167
8,E08-S17,B06,2026-08-26,.內景 添隆樣品屋會客區 傍晚 #E08-S17#,L15,添隆工地樣品屋,DUSK,C01;C09,宋以寧;黃添財,,,P36;P43;P10,none,setup,2320,165,358
8,E08-S18,B06,2026-08-26,.內景 添隆樣品屋會客區 傍晚 #E08-S18#,L15,添隆工地樣品屋,DUSK,C01;C09,宋以寧;黃添財,,,P10;P36;P43,none,setup,2485,175,259
8,E08-S19,B06,2026-08-26,.內景 添隆樣品屋會客區 傍晚 #E08-S19#,L15,添隆工地樣品屋,DUSK,C01;C09,宋以寧;黃添財,,,P10;P35;P43,none,climax_45,2660,205,337
8,E08-S20,B06,2026-08-26,.內景 添隆樣品屋落地窗旁 傍晚 #E08-S20#,L15,添隆工地樣品屋,DUSK,C01;C09,宋以寧;黃添財,,,P10;P35;P36,none,setup,2865,155,356
8,E08-S21,B06,2026-08-26,.外景 添隆樣品屋門口 傍晚 #E08-S21#,L15,添隆工地樣品屋,DUSK,C01,宋以寧,,樣品屋保全,P35;P42;P10,vehicle,setup,3020,140,189
8,E08-S22,B06,2026-08-26,.內景 停妥車內 夜 #E08-S22#,L33,車內,NIGHT,C01;C02,宋以寧;周晏禮,C02,,P04;P35;P10;P42,vehicle;screen,setup,3160,125,337
8,E08-S23,B06,2026-08-26,.外景 添隆圍籬外 夜 #E08-S23#,L15,添隆工地樣品屋,NIGHT,C07,郭志豪,,樣品屋保全;消防隊員,P31;P42;P37,screen;vehicle,setup,3285,110,158
8,E08-S24,B01,2026-08-26,.外景 宋記門口 深夜 #E08-S24#,L03,宋記,NIGHT,C01;C03,宋以寧;宋美惠,,,P04;P02;P01;P56,none,ending,3395,70,0
9,E09-S01,B06,2026-08-27,.內景 港邊民宿房間 早上 #E09-S01#,L12,港邊民宿,DAY,C01;C12;C13,宋以寧;杜可薇;蔡承澔,,,P04;P31;P02,screen,cold_open,0,130,155
9,E09-S02,B06,2026-08-27,.內景 港邊民宿櫃檯 早上 #E09-S02#,L12,港邊民宿,DAY,C01;C46,宋以寧;民宿老闆,,,P35;P36;P04,none,setup,130,140,293
9,E09-S03,B06,2026-08-27,.內景 停車場車內 早上 #E09-S03#,L33,車內,DAY,C01;C07,宋以寧;郭志豪,C07,,P04;P31;P42;P56;P02,vehicle;screen,setup,270,150,322
9,E09-S04,B03,2026-08-27,.內景 鏗鏘新聞接待區 上午 #E09-S04#,L16,鏗鏘新聞辦公室,DAY,C01;C35,宋以寧;鏗鏘助理,,,P04;P31;P43,none,setup,420,145,303
9,E09-S05,B03,2026-08-27,.內景 鏗鏘新聞開放編輯區 上午 #E09-S05#,L16,鏗鏘新聞辦公室,DAY,C01;C12,宋以寧;杜可薇,,,P31;P04;P43,screen,setup,565,140,335
9,E09-S06,B03,2026-08-27,.內景 鏗鏘新聞剪輯走廊 上午 #E09-S06#,L16,鏗鏘新聞辦公室,DAY,C01;C12,宋以寧;杜可薇,,,P04;P31,none,setup,705,145,322
9,E09-S07,B03,2026-08-27,.內景 鏗鏘新聞編輯區 上午 #E09-S07#,L16,鏗鏘新聞辦公室,DAY,C01;C12;C35,宋以寧;杜可薇;鏗鏘助理,,,P36;P31;P04,screen,turn_15,850,160,188
9,E09-S08,B03,2026-08-27,.內景 鏗鏘新聞電梯口 上午 #E09-S08#,L16,鏗鏘新聞辦公室,DAY,C01;C12,宋以寧;杜可薇,,,P04;P35,none,setup,1010,135,274
9,E09-S09,B06,2026-08-27,.內景 停車場車內 中午 #E09-S09#,L33,車內,DAY,C01;C07,宋以寧;郭志豪,C07,,P04;P31;P42,screen;vehicle,setup,1145,150,339
9,E09-S10,B03,2026-08-27,.內景 臺北盛安理賠部 下午 #E09-S10#,L10,臺北盛安,DAY,C01,宋以寧,,理賠部同事,P35;P31,screen,setup,1295,140,280
9,E09-S11,B03,2026-08-27,.內景 臺北盛安主管辦公室 下午 #E09-S11#,L10,臺北盛安,DAY,C01;C08,宋以寧;許明達,,,P35;P31,none,setup,1435,150,318
9,E09-S12,B03,2026-08-27,.內景 臺北盛安主管辦公室 下午 #E09-S12#,L10,臺北盛安,DAY,C01;C08,宋以寧;許明達,,,P35;P31;P04,screen,setup,1585,145,306
9,E09-S13,B03,2026-08-27,.內景 臺北盛安電梯廳 下午 #E09-S13#,L10,臺北盛安,DAY,C01;C08,宋以寧;許明達,,,P35;P04,none,turn_30,1730,165,227
9,E09-S14,B06,2026-08-27,.內景 縣城停車場車內 傍晚 #E09-S14#,L33,車內,DUSK,C01;C07,宋以寧;郭志豪,C07,,P04;P02;P42,vehicle;screen,setup,1895,135,296
9,E09-S15,B06,2026-08-27,.外景 靖瀾宮廟埕 傍晚 #E09-S15#,L05,靖瀾宮廟埕,DUSK,C01;C43,宋以寧;廟務人員,,路過信眾,P31;P43,none,setup,2030,140,206
9,E09-S16,B04,2026-08-27,.內景 鎮公所門廳 傍晚 #E09-S16#,L09,鎮公所禮堂,DUSK,C01,宋以寧,,鎮公所值班職員,P35;P31,none,setup,2170,150,321
9,E09-S17,B06,2026-08-27,.外景 靖瀾宮廟埕側邊 傍晚 #E09-S17#,L05,靖瀾宮廟埕,DUSK,C01;C07,宋以寧;郭志豪,C07,,P04;P31;P02,screen,setup,2320,140,220
9,E09-S18,B06,2026-08-27,.外景 靖瀾宮功德碑前 傍晚 #E09-S18#,L05,靖瀾宮廟埕,DUSK,C01;C43,宋以寧;廟務人員,,路過信眾,P04;P43,screen,setup,2460,150,164
9,E09-S19,B06,2026-08-27,.外景 靖瀾宮功德碑前 傍晚 #E09-S19#,L05,靖瀾宮廟埕,DUSK,C01;C12,宋以寧;杜可薇,,,P04;P31;P43,screen,climax_45,2610,180,233
9,E09-S20,B06,2026-08-27,.外景 靖瀾宮廟埕 夜 #E09-S20#,L05,靖瀾宮廟埕,NIGHT,C01;C43,宋以寧;廟務人員,,,P04;P43,none,setup,2790,155,274
9,E09-S21,B06,2026-08-27,.內景 鹽澳街區便利商店影印區 夜 #E09-S21#,L32,鹽澳街區,NIGHT,C01,宋以寧,,便利商店店員,P35;P31,screen,setup,2945,140,262
9,E09-S22,B06,2026-08-27,.外景 便利商店窗外桌邊 夜 #E09-S22#,L32,鹽澳街區,NIGHT,C01;C07,宋以寧;郭志豪,C07,,P04;P35;P02,none,setup,3085,125,349
9,E09-S23,B06,2026-08-27,.內景 便利商店影印區 夜 #E09-S23#,L32,鹽澳街區,NIGHT,C01,宋以寧,,便利商店店員,P35;P36;P01,none,setup,3210,110,246
9,E09-S24,B06,2026-08-27,.外景 鹽澳街區郵筒前 深夜 #E09-S24#,L32,鹽澳街區,NIGHT,C01,宋以寧,,,P35;P01;P04,screen,ending,3320,145,0
10,E10-S01,B06,2026-08-28,.外景 添隆樣品屋行政區 上午 #E10-S01#,L15,添隆工地樣品屋,DAY,C09;C01,黃添財;宋以寧,C01,檢調人員;現場記者,P35;P42;P31,vehicle;screen,cold_open,0,130,306
10,E10-S02,B06,2026-08-28,.內景 港邊民宿早餐區 上午 #E10-S02#,L12,港邊民宿,DAY,C01;C46,宋以寧;民宿老闆,,,P04;P31;P35,screen,setup,130,140,333
10,E10-S03,B06,2026-08-28,.外景 宏澤舊登記地址巷口 上午 #E10-S03#,L32,鹽澳街區,DAY,C05,陳柏諺,,拆門師傅,P31;P37;P43,screen,setup,270,150,258
10,E10-S04,B02,2026-08-28,.內景 靖瀾宮後殿餐廳 上午 #E10-S04#,L06,靖瀾宮後殿,DAY,C14;C43,鐘文吉;廟務人員,,,P43;P36,none,setup,420,145,113
10,E10-S05,B06,2026-08-28,.內景 港邊民宿房間 上午 #E10-S05#,L12,港邊民宿,DAY,C01;C38,宋以寧;盛安法務,C38,,P04;P35,none,setup,565,140,424
10,E10-S06,B06,2026-08-28,.外景 添隆工地公告欄 上午 #E10-S06#,L15,添隆工地樣品屋,DAY,,,,縣府發言人;現場記者,P35;P31;P43,screen,setup,705,145,213
10,E10-S07,B06,2026-08-28,.外景 港邊民宿門口 上午 #E10-S07#,L12,港邊民宿,DAY,C01;C05,宋以寧;陳柏諺,,,P04;P31;P37,screen,turn_15,850,160,324
10,E10-S08,B06,2026-08-28,.外景 港邊民宿騎樓 上午 #E10-S08#,L12,港邊民宿,DAY,C01;C05,宋以寧;陳柏諺,,,P36;P37;P04,none,setup,1010,135,330
10,E10-S09,B06,2026-08-28,.內景 停車場車內 中午 #E10-S09#,L33,車內,DAY,C01;C07,宋以寧;郭志豪,C07,,P04;P02;P42,vehicle;screen,setup,1145,150,333
10,E10-S10,B03,2026-08-28,.內景 臺北盛安會議室 下午 #E10-S10#,L10,臺北盛安,DAY,C01;C38;C39,宋以寧;盛安法務;盛安人資,,,P35;P31,none,setup,1295,140,359
10,E10-S11,B03,2026-08-28,.內景 臺北盛安茶水間 下午 #E10-S11#,L10,臺北盛安,DAY,C01;C08,宋以寧;許明達,,,P35;P36,none,setup,1435,150,329
10,E10-S12,B03,2026-08-28,.內景 臺北盛安會議室 下午 #E10-S12#,L10,臺北盛安,DAY,C01;C39;C38,宋以寧;盛安人資;盛安法務,,,P35;P31,none,setup,1585,145,354
10,E10-S13,B03,2026-08-28,.內景 臺北盛安會議室 下午 #E10-S13#,L10,臺北盛安,DAY,C01;C08;C38;C39,宋以寧;許明達;盛安法務;盛安人資,,,P35;P31,none,turn_30,1730,165,339
10,E10-S14,B03,2026-08-28,.內景 臺北盛安電梯口 傍晚 #E10-S14#,L10,臺北盛安,DUSK,C01;C08,宋以寧;許明達,,,P35;P36,none,setup,1895,135,194
10,E10-S15,B06,2026-08-28,.內景 港邊民宿櫃檯 夜 #E10-S15#,L12,港邊民宿,NIGHT,C01;C46,宋以寧;民宿老闆,,,P35;P43;P36,none,setup,2030,140,171
10,E10-S16,B02,2026-08-28,.內景 靖瀾宮後殿餐廳 夜 #E10-S16#,L06,靖瀾宮後殿,NIGHT,C13;C09;C11;C12;C10;C14,蔡承澔;黃添財;顏水木;杜可薇;林正雄;鐘文吉,,,P43;P36,none,setup,2170,150,305
10,E10-S17,B02,2026-08-28,.內景 靖瀾宮後殿餐廳 夜 #E10-S17#,L06,靖瀾宮後殿,NIGHT,C13;C09;C11;C12;C10,蔡承澔;黃添財;顏水木;杜可薇;林正雄,,,P43;P36,none,setup,2320,140,348
10,E10-S18,B06,2026-08-28,.內景 港邊民宿房間 夜 #E10-S18#,L12,港邊民宿,NIGHT,C01;C07,宋以寧;郭志豪,C07,,P04;P05;P06;P02,screen,setup,2460,150,342
10,E10-S19,B02,2026-08-28,.內景 靖瀾宮後殿餐廳 夜 #E10-S19#,L06,靖瀾宮後殿,NIGHT,C13;C09;C11;C12;C10,蔡承澔;黃添財;顏水木;杜可薇;林正雄,,,P43;P36,none,climax_45,2610,180,285
10,E10-S20,B06,2026-08-28,.內景 港邊民宿房間 夜 #E10-S20#,L12,港邊民宿,NIGHT,C01,宋以寧,,,P02;P05;P06;P04,screen,setup,2790,155,130
10,E10-S21,B02,2026-08-28,.內景 靖瀾宮後殿門邊 夜 #E10-S21#,L06,靖瀾宮後殿,NIGHT,C13;C09;C11;C12;C10;C14,蔡承澔;黃添財;顏水木;杜可薇;林正雄;鐘文吉,,,P43;P36;P42,none,setup,2945,140,156
10,E10-S22,B06,2026-08-28,.內景 港邊民宿房間 深夜 #E10-S22#,L12,港邊民宿,NIGHT,C01;C07,宋以寧;郭志豪,C07,,P04;P31;P02,screen,setup,3085,125,303
10,E10-S23,B06,2026-08-28,.內景 港邊民宿走廊 深夜 #E10-S23#,L12,港邊民宿,NIGHT,C01;C46,宋以寧;民宿老闆,,,P35;P43;P36,none,setup,3210,110,146
10,E10-S24,B01,2026-08-29,.外景 宋記門口 清晨 #E10-S24#,L03,宋記,DAWN,C03;C10;C01,宋美惠;林正雄;宋以寧,C01,,P04;P37;P31,screen,ending,3320,145,92
11,E11-S01,B02,2026-08-29,.內景 靖瀾宮後殿餐廳 篇序 #E11-S01#,L06,靖瀾宮後殿,DAWN,,,,,P43,none,cold_open,0,20,0
11,E11-S02,B06,2026-08-29,.內景 自用車內 清晨 #E11-S02#,L33,車內,DAWN,C01,宋以寧,,,P42;P35;P02,vehicle;screen,setup,20,200,52
11,E11-S03,B01,2026-08-29,.內景 宋記店面 清晨 #E11-S03#,L03,宋記,DAWN,C01;C03,宋以寧;宋美惠,,,P35;P43;P36,none,setup,220,200,262
11,E11-S04,B01,2026-08-29,.內景 宋記店面 早上 #E11-S04#,L03,宋記,DAY,C01;C03,宋以寧;宋美惠,,來買醬油的客人,P36;P43,none,setup,420,145,286
11,E11-S05,B06,2026-08-29,.外景 靖瀾宮廟埕 早上 #E11-S05#,L05,靖瀾宮廟埕,DAY,C03;C04,宋美惠;陳秀鸝,,廟埕鄰居,P36;P43,none,setup,565,140,267
11,E11-S06,B03,2026-08-29,.內景 周晏禮縣城工作室 上午 #E11-S06#,L11,周晏禮縣城工作室,DAY,C02;C01;C48,周晏禮;宋以寧;縣府查核人員,C01,,P35;P09;P31,screen,setup,705,145,344
11,E11-S07,B03,2026-08-29,.內景 周晏禮縣城工作室 上午 #E11-S07#,L11,周晏禮縣城工作室,DAY,C01;C02;C48,宋以寧;周晏禮;縣府查核人員,,,P35;P09;P31,none,turn_15,850,160,376
11,E11-S08,B03,2026-08-29,.內景 周晏禮縣城工作室 上午 #E11-S08#,L11,周晏禮縣城工作室,DAY,C01;C02;C48,宋以寧;周晏禮;縣府查核人員,,,P35;P09;P43,none,setup,1010,135,312
11,E11-S09,B03,2026-08-29,.內景 周晏禮縣城工作室 中午 #E11-S09#,L11,周晏禮縣城工作室,DAY,C02;C48;C01,周晏禮;縣府查核人員;宋以寧,,,P35;P09;P43,none,setup,1145,150,264
11,E11-S10,B03,2026-08-29,.內景 周晏禮縣城工作室 中午 #E11-S10#,L11,周晏禮縣城工作室,DAY,C01;C02,宋以寧;周晏禮,,,P35;P09;P36,none,setup,1295,140,352
11,E11-S11,B01,2026-08-29,.內景 宋記店面 下午 #E11-S11#,L03,宋記,DAY,C03;C04,宋美惠;陳秀鸝,,,P36;P43,none,setup,1435,150,226
11,E11-S12,B03,2026-08-29,.內景 周晏禮工作室門邊 下午 #E11-S12#,L11,周晏禮縣城工作室,DAY,C01;C02;C08,宋以寧;周晏禮;許明達,C08,,P04;P35;P31,screen,setup,1585,145,332
11,E11-S13,B03,2026-08-29,.外景 周晏禮工作室門口 下午 #E11-S13#,L11,周晏禮縣城工作室,DAY,C01;C02;C08,宋以寧;周晏禮;許明達,C08,,P04;P31;P35,screen,turn_30,1730,165,311
11,E11-S14,B01,2026-08-29,.外景 宋記門邊 傍晚 #E11-S14#,L03,宋記,DUSK,C01;C03,宋以寧;宋美惠,,,P43;P35;P42,vehicle,setup,1895,135,252
11,E11-S15,B01,2026-08-29,.內景 宋記後間 傍晚 #E11-S15#,L03,宋記,DUSK,C01;C03,宋以寧;宋美惠,,,P36;P43,none,setup,2030,140,170
11,E11-S16,B01,2026-08-29,.內景 周晏禮住處 神明桌旁 傍晚 #E11-S16#,L39,周晏禮住處,DUSK,C02;C01,周晏禮;宋以寧,C01,,P08;P04;P35,none,setup,2170,150,312
11,E11-S17,B01,2026-08-29,.內景 宋記後間 夜 #E11-S17#,L03,宋記,NIGHT,C01;C02;C03,宋以寧;周晏禮;宋美惠,,,P08;P07;P05;P10;P35,none,setup,2320,140,305
11,E11-S18,B01,2026-08-29,.內景 宋記後間 夜 #E11-S18#,L03,宋記,NIGHT,C01;C02,宋以寧;周晏禮,,,P08;P07;P35;P02,none,setup,2460,150,338
11,E11-S19,B01,2026-08-29,.內景 宋記後間 夜 #E11-S19#,L03,宋記,NIGHT,C01;C02,宋以寧;周晏禮,,,P35;P04;P08,screen,climax_45,2610,180,259
11,E11-S20,B04,2026-08-29,.內景 鹽澳分局櫃檯 夜 #E11-S20#,L08,鹽澳分局,NIGHT,C01;C40,宋以寧;分局承辦,,,P35;P02,none,setup,2790,155,306
11,E11-S21,B04,2026-08-29,.內景 鹽澳分局櫃檯 夜 #E11-S21#,L08,鹽澳分局,NIGHT,C01;C15;C40,宋以寧;分局副手;分局承辦,,,P35;P43,none,setup,2945,140,199
11,E11-S22,B01,2026-08-29,.內景 宋記後間 夜 #E11-S22#,L03,宋記,NIGHT,C01;C02,宋以寧;周晏禮,,,P35;P08;P02,none,setup,3085,125,308
11,E11-S23,B01,2026-08-29,.內景 宋記後間 深夜 #E11-S23#,L03,宋記,NIGHT,C01;C02,宋以寧;周晏禮,,,P35;P08;P04,none,setup,3210,110,225
11,E11-S24,B01,2026-08-29,.內景 宋記後間 深夜 #E11-S24#,L03,宋記,NIGHT,C01;C02,宋以寧;周晏禮,,,P35;P02;P08,none,ending,3320,145,174
12,E12-S01,B01,2026-08-31,.內景 宋記打烊後櫃檯 凌晨 #E12-S01#,L03,宋記,NIGHT,C01;C03,宋以寧;宋美惠,,,P06;P02;P36,none,cold_open,0,130,267
12,E12-S02,B01,2026-08-31,.內景 宋記樓梯口 凌晨 #E12-S02#,L03,宋記,NIGHT,C01;C03,宋以寧;宋美惠,,,P06;P35;P36,none,setup,130,140,174
12,E12-S03,B01,2026-08-31,.內景 宋記後間 早上 #E12-S03#,L03,宋記,DAY,C01;C02,宋以寧;周晏禮,,,P35;P06;P04,none,setup,270,150,339
12,E12-S04,B03,2026-08-31,.內景 周晏禮縣城工作室 上午 #E12-S04#,L11,周晏禮縣城工作室,DAY,C02;C48;C01,周晏禮;縣府查核人員;宋以寧,,,P35;P09,none,setup,420,145,339
12,E12-S05,B06,2026-08-31,.內景 停妥車內 上午 #E12-S05#,L33,車內,DAY,C01;C02,宋以寧;周晏禮,,,P35;P42;P08,vehicle,setup,565,140,232
12,E12-S06,B01,2026-08-31,.內景 宋記後間 中午 #E12-S06#,L03,宋記,DAY,C01;C02,宋以寧;周晏禮,,,P08;P06;P02,none,setup,705,145,300
12,E12-S07,B01,2026-08-31,.內景 宋記後間 中午 #E12-S07#,L03,宋記,DAY,C01;C02,宋以寧;周晏禮,,,P08;P06;P02,none,turn_15,850,160,338
12,E12-S08,B01,2026-08-31,.內景 宋記後間 下午 #E12-S08#,L03,宋記,DAY,C01;C02,宋以寧;周晏禮,,,P35;P08;P02,none,setup,1010,135,246
12,E12-S09,B04,2026-08-31,.內景 戶政事務所預約櫃檯 下午 #E12-S09#,L34,戶政事務所,DAY,C01;C36,宋以寧;戶政承辦,,,P35;P31,screen,setup,1145,150,328
12,E12-S10,B04,2026-08-31,.內景 戶政事務所櫃檯 下午 #E12-S10#,L34,戶政事務所,DAY,C01;C36,宋以寧;戶政承辦,,,P35;P31,screen,setup,1295,140,337
12,E12-S11,B04,2026-08-31,.內景 戶政事務所等候區 下午 #E12-S11#,L34,戶政事務所,DAY,C01;C36,宋以寧;戶政承辦,,,P35,none,setup,1435,150,227
12,E12-S12,B01,2026-08-31,.內景 宋記後間 下午 #E12-S12#,L03,宋記,DAY,C02;C03,周晏禮;宋美惠,,,P08;P36;P43,none,setup,1585,145,216
12,E12-S13,B04,2026-08-31,.內景 戶政事務所櫃檯 下午 #E12-S13#,L34,戶政事務所,DAY,C01;C36,宋以寧;戶政承辦,,,P35,none,turn_30,1730,165,223
12,E12-S14,B06,2026-08-31,.內景 戶政外停妥車內 傍晚 #E12-S14#,L33,車內,DUSK,C01;C02,宋以寧;周晏禮,C02,,P35;P42;P04,vehicle,setup,1895,135,263
12,E12-S15,B01,2026-08-31,.內景 宋記飯桌 夜 #E12-S15#,L03,宋記,NIGHT,C01;C03;C02,宋以寧;宋美惠;周晏禮,,,P36;P35;P43,none,setup,2030,140,160
12,E12-S16,B01,2026-08-31,.內景 宋記後間 夜 #E12-S16#,L03,宋記,NIGHT,C01;C02,宋以寧;周晏禮,,,P08;P06;P02;P43,none,setup,2170,150,337
12,E12-S17,B01,2026-08-31,.內景 宋記後間 深夜 #E12-S17#,L03,宋記,NIGHT,C01;C02,宋以寧;周晏禮,,,P02;P06;P08;P36,none,setup,2320,140,255
12,E12-S18,B01,2026-08-31,.內景 宋記後間 深夜 #E12-S18#,L03,宋記,NIGHT,C01;C02,宋以寧;周晏禮,,,P36;P08;P50,medical,setup,2460,150,274
12,E12-S19,B01,2026-08-31,.內景 宋記倉庫 深夜 #E12-S19#,L03,宋記,NIGHT,C01;C03,宋以寧;宋美惠,,,P50;P36;P43,none,climax_45,2610,180,250
12,E12-S20,B01,2026-08-31,.內景 宋記後間 深夜 #E12-S20#,L03,宋記,NIGHT,C01;C02,宋以寧;周晏禮,,,P50;P08;P02;P36,medical,setup,2790,155,237
12,E12-S21,B01,2026-08-31,.內景 宋記後間 夜 #E12-S21#,L03,宋記,NIGHT,C01;C02,宋以寧;周晏禮,,,P35;P08;P50;P02,none,setup,2945,140,321
12,E12-S22,B01,2026-08-31,.內景 宋記店面 夜 #E12-S22#,L03,宋記,NIGHT,C01;C03,宋以寧;宋美惠,,,P36;P50;P35,none,setup,3085,125,163
12,E12-S23,B01,2026-08-31,.外景 宋記門口 夜 #E12-S23#,L03,宋記,NIGHT,C01;C02,宋以寧;周晏禮,,,P08;P50;P35;P04,none,setup,3210,110,216
12,E12-S24,B02,2026-08-31,.內景 靖瀾宮功德堂 夜 #E12-S24#,L07,靖瀾宮功德堂,NIGHT,C01;C14;C43,宋以寧;鐘文吉;廟務人員,,,P17;P34;P43,none,ending,3320,145,154
13,E13-S01,B01,2026-09-01,.內景 宋記 早餐桌 清晨 #E13-S01#,L03,宋記,DAWN,C01;C03,宋以寧;宋美惠,,,P35;P33;P36,none,cold_open,0,144,212
13,E13-S02,B01,2026-09-01,.內景 宋記 櫃檯 日 #E13-S02#,L03,宋記,DAY,C01;C02,宋以寧;周晏禮,,,P18;P02;P35,none,setup,144,144,382
13,E13-S03,B06,2026-09-01,.外景 靖瀾宮 廟埕 日 #E13-S03#,L05,靖瀾宮廟埕,DAY,C01;C14;C43,宋以寧;鐘文吉;廟務人員,,,P35;P43,none,setup,288,144,243
13,E13-S04,B01,2026-09-01,.內景 宋記 母親房門外 日 #E13-S04#,L03,宋記,DAY,C01;C03,宋以寧;宋美惠,,,P35;P36;P33,none,setup,432,144,327
13,E13-S05,B01,2026-09-01,.內景 宋記 後間 日 #E13-S05#,L03,宋記,DAY,C01;C37,宋以寧;實驗室人員,C37,,P04;P35,screen,setup,576,144,274
13,E13-S06,B06,2026-09-01,.外景 鹽澳街區 停車處 日 #E13-S06#,L32,鹽澳街區,DAY,C01;C07,宋以寧;郭志豪,,,P04;P42,vehicle,setup,720,144,242
13,E13-S07,B02,2026-09-01,.內景 靖瀾宮 功德堂門口 日 #E13-S07#,L07,靖瀾宮功德堂,DAY,C01;C14,宋以寧;鐘文吉,,,P17;P35;P43,none,turn_15,864,144,333
13,E13-S08,B01,2026-09-01,.內景 宋記 櫃檯 日 #E13-S08#,L03,宋記,DAY,C01;C02,宋以寧;周晏禮,,,P02;P35;P07,none,setup,1008,144,378
13,E13-S09,B05,2026-09-01,.內景 冷凍廠 裝貨區 日 #E13-S09#,L14,冷凍廠,DAY,C05;C31,陳柏諺;工頭,,,P37;P42,vehicle,setup,1152,144,196
13,E13-S10,B01,2026-09-01,.外景 宋記 門口 黃昏 #E13-S10#,L03,宋記,DUSK,C01;C03,宋以寧;宋美惠,,,P36;P35,none,setup,1296,144,202
13,E13-S11,B01,2026-09-01,.內景 宋記 後間 夜 #E13-S11#,L03,宋記,NIGHT,C01;C02,宋以寧;周晏禮,C02,,P04;P35;P02,screen,setup,1440,144,230
13,E13-S12,B02,2026-09-01,.內景 靖瀾宮 功德堂外廊 夜 #E13-S12#,L07,靖瀾宮功德堂,NIGHT,C01;C43,宋以寧;廟務人員,,,P17;P43,none,setup,1584,144,229
13,E13-S13,B02,2026-09-01,.內景 靖瀾宮 功德堂 夜 #E13-S13#,L07,靖瀾宮功德堂,NIGHT,C01;C43,宋以寧;廟務人員,,,P17;P35;P04;P53,none,turn_30,1728,144,205
13,E13-S14,B05,2026-09-02,.內景 外縣市實驗室 收件室 清晨 #E13-S14#,L21,外縣市實驗室,DAWN,C01;C37,宋以寧;實驗室人員,,,P35;P53,none,setup,1872,144,383
13,E13-S15,B02,2026-09-02,.內景 靖瀾宮 功德堂 清晨 #E13-S15#,L07,靖瀾宮功德堂,DAWN,C14;C11,鐘文吉;顏水木,C11,,P17;P04,screen,setup,2016,144,176
13,E13-S16,B01,2026-09-02,.內景 宋記 早餐桌 日 #E13-S16#,L03,宋記,DAY,C01;C03,宋以寧;宋美惠,,,P36;P35,none,setup,2160,144,153
13,E13-S17,B01,2026-09-02,.外景 宋記 門外 日 #E13-S17#,L03,宋記,DAY,C01;C14,宋以寧;鐘文吉,,,P35;P04,none,setup,2304,144,228
13,E13-S18,B01,2026-09-02,.內景 宋記 後間 日 #E13-S18#,L03,宋記,DAY,C01;C02,宋以寧;周晏禮,,,P35;P07;P02,none,setup,2448,144,340
13,E13-S19,B05,2026-09-02,.內景 外縣市實驗室 收件室 夜 #E13-S19#,L21,外縣市實驗室,NIGHT,C01;C37,宋以寧;實驗室人員,,,P18;P35,none,climax_45,2592,144,290
13,E13-S20,B06,2026-09-02,.內景 外縣市實驗室 停車場車內 夜 #E13-S20#,L33,車內,NIGHT,C01;C03,宋以寧;宋美惠,C03,,P18;P04;P42,vehicle;screen,setup,2736,80,81
13,E13-S21,B05,2026-09-02,.內景 冷凍廠 裝貨區 夜 #E13-S21#,L14,冷凍廠,NIGHT,C05;C31,陳柏諺;工頭,,,P04;P37;P42,vehicle,setup,2816,144,213
13,E13-S22,B01,2026-09-02,.內景 宋記 後間 夜 #E13-S22#,L03,宋記,NIGHT,C01;C02,宋以寧;周晏禮,,,P18;P07;P02;P35;P04;P36,none,setup,2960,210,370
13,E13-S23,B01,2026-09-02,.內景 宋記 母親房門外 夜 #E13-S23#,L03,宋記,NIGHT,C01;C03,宋以寧;宋美惠,,,P18;P33;P36,none,setup,3170,142,134
13,E13-S24,B01,2026-09-02,.外景 宋記 後門 夜 #E13-S24#,L03,宋記,NIGHT,C01;C05,宋以寧;陳柏諺,,,P04;P37,none,ending,3312,144,211
14,E14-S01,B06,2026-09-03,.外景 鹽澳街區 早市 清晨 #E14-S01#,L32,鹽澳街區,DAWN,C02;C26,周晏禮;退休鑑識前輩,,,P36,none,cold_open,0,144,240
14,E14-S02,B01,2026-09-03,.內景 宋記 櫃檯 清晨 #E14-S02#,L03,宋記,DAWN,C01;C07,宋以寧;郭志豪,C07,,P04;P02;P42,screen,setup,144,144,259
14,E14-S03,B05,2026-09-03,.外景 鹽澳漁港碼頭 停車處 日 #E14-S03#,L19,鹽澳漁港碼頭,DAY,C07,郭志豪,,,P04;P42;P31,vehicle,setup,288,144,154
14,E14-S04,B06,2026-09-03,.內景 退休鑑識前輩住處 門口 日 #E14-S04#,L22,退休鑑識前輩住處,DAY,C02;C26,周晏禮;退休鑑識前輩,,,P36;P35,none,setup,432,144,361
14,E14-S05,B03,2026-09-03,.外景 周晏禮縣城工作室 門外 日 #E14-S05#,L11,周晏禮縣城工作室,DAY,C02;C01,周晏禮;宋以寧,C01,,P04;P35;P09,screen,setup,576,144,220
14,E14-S06,B03,2026-09-03,.內景 周晏禮縣城工作室 入口 日 #E14-S06#,L11,周晏禮縣城工作室,DAY,C02;C15,周晏禮;分局副手,,,P35;P45;P09,none,setup,720,144,267
14,E14-S07,B03,2026-09-03,.內景 周晏禮縣城工作室 儀器桌 日 #E14-S07#,L11,周晏禮縣城工作室,DAY,C02;C15,周晏禮;分局副手,,,P09;P35;P45,none,turn_15,864,144,244
14,E14-S08,B03,2026-09-03,.內景 周晏禮縣城工作室 空桌前 日 #E14-S08#,L11,周晏禮縣城工作室,DAY,C01;C02,宋以寧;周晏禮,,,P35;P45;P36,none,setup,1008,144,233
14,E14-S09,B03,2026-09-03,.內景 周晏禮縣城工作室 門口 日 #E14-S09#,L11,周晏禮縣城工作室,DAY,C01;C02,宋以寧;周晏禮,,,P35;P02,none,setup,1152,144,375
14,E14-S10,B01,2026-09-03,.內景 宋記 櫃檯 黃昏 #E14-S10#,L03,宋記,DUSK,C01;C03,宋以寧;宋美惠,,,P04;P36;P02,screen,setup,1296,144,135
14,E14-S11,B05,2026-09-03,.外景 鹽澳漁港碼頭 停車處 夜 #E14-S11#,L19,鹽澳漁港碼頭,NIGHT,C01;C40,宋以寧;分局承辦,C40,,P04;P42;P35,vehicle,setup,1440,144,224
14,E14-S12,B04,2026-09-03,.內景 縣城醫院 急診外 夜 #E14-S12#,L18,縣城醫院,NIGHT,C01;C47,宋以寧;醫護人員,,,P35;P37,medical,setup,1584,144,256
14,E14-S13,B04,2026-09-03,.內景 縣城醫院 急診床 夜 #E14-S13#,L18,縣城醫院,NIGHT,C01;C07,宋以寧;郭志豪,,,P37;P35,medical,turn_30,1728,144,367
14,E14-S14,B04,2026-09-03,.內景 縣城醫院 批價走廊 夜 #E14-S14#,L18,縣城醫院,NIGHT,C01;C07,宋以寧;郭志豪,,,P35;P37,medical,setup,1872,144,259
14,E14-S15,B06,2026-09-03,.內景 車內 醫院停車處 夜 #E14-S15#,L33,車內,NIGHT,C01;C07,宋以寧;郭志豪,,,P42;P37;P04,vehicle,setup,2016,144,186
14,E14-S16,B03,2026-09-03,.內景 周晏禮縣城工作室 夜 #E14-S16#,L11,周晏禮縣城工作室,NIGHT,C01;C02,宋以寧;周晏禮,,,P35;P45;P02,none,setup,2160,144,264
14,E14-S17,B06,2026-09-03,.內景 退休鑑識前輩住處 客廳 夜 #E14-S17#,L22,退休鑑識前輩住處,NIGHT,C26,退休鑑識前輩,,,P31;P04;P43,screen,setup,2304,144,182
14,E14-S18,B06,2026-09-03,.內景 車內 停靠前輩住處外 夜 #E14-S18#,L33,車內,NIGHT,C01;C02,宋以寧;周晏禮,,,P42;P35;P02,vehicle,setup,2448,144,236
14,E14-S19,B06,2026-09-03,.內景 退休鑑識前輩住處 縫紉機旁 夜 #E14-S19#,L22,退休鑑識前輩住處,NIGHT,C01;C02;C26,宋以寧;周晏禮;退休鑑識前輩,,,P14;P35;P43,none,climax_45,2592,144,400
14,E14-S20,B06,2026-09-03,.內景 退休鑑識前輩住處 餐桌 夜 #E14-S20#,L22,退休鑑識前輩住處,NIGHT,C01;C02;C26,宋以寧;周晏禮;退休鑑識前輩,,,P14;P35,none,setup,2736,144,380
14,E14-S21,B06,2026-09-03,.內景 退休鑑識前輩住處 門內 夜 #E14-S21#,L22,退休鑑識前輩住處,NIGHT,C01;C02;C26,宋以寧;周晏禮;退休鑑識前輩,,,P14;P35,none,setup,2880,144,261
14,E14-S22,B03,2026-09-03,.外景 周晏禮縣城工作室 外廊 夜 #E14-S22#,L11,周晏禮縣城工作室,NIGHT,C01;C02,宋以寧;周晏禮,,,P14;P07;P35,none,setup,3024,144,243
14,E14-S23,B01,2026-09-03,.內景 宋記 後間 夜 #E14-S23#,L03,宋記,NIGHT,C01;C07,宋以寧;郭志豪,C07,,P04;P14;P35,screen,setup,3168,144,243
14,E14-S24,B01,2026-09-03,.內景 宋記 鐵捲門 夜 #E14-S24#,L03,宋記,NIGHT,C01;C03,宋以寧;宋美惠,,,P35;P14,none,ending,3312,144,99
15,E15-S01,B06,2026-09-03,.內景 車內 港邊廂型車後座（前夜） 夜 #E15-S01#,L33,車內,NIGHT,C07,郭志豪,,施襲者甲;施襲者乙;施襲者丙,P37;P42,stunt;vehicle,cold_open,0,110,103
15,E15-S02,B04,2026-09-04,.內景 縣城醫院 轉院文件窗口 清晨 #E15-S02#,L18,縣城醫院,DAWN,C07;C47,郭志豪;醫護人員,,,P37;P35;P36,medical,setup,110,147,229
15,E15-S03,B01,2026-09-04,.內景 宋記 早餐桌 日 #E15-S03#,L03,宋記,DAY,C01;C03;C02,宋以寧;宋美惠;周晏禮,C02,,P35;P14;P04,screen,setup,257,147,239
15,E15-S04,B04,2026-09-04,.內景 鹽澳分局 櫃檯 日 #E15-S04#,L08,鹽澳分局,DAY,C01;C40,宋以寧;分局承辦,,,P35;P04,none,setup,404,147,243
15,E15-S05,B04,2026-09-04,.內景 鹽澳分局 辦公室外 日 #E15-S05#,L08,鹽澳分局,DAY,C01;C15,宋以寧;分局副手,,,P35,none,setup,551,147,236
15,E15-S06,B04,2026-09-04,.內景 鹽澳分局 分局長辦公室 日 #E15-S06#,L08,鹽澳分局,DAY,C01;C10,宋以寧;林正雄,,,P35;P43;P36,none,setup,698,147,245
15,E15-S07,B04,2026-09-04,.內景 鹽澳分局 分局長辦公室 日 #E15-S07#,L08,鹽澳分局,DAY,C01;C10,宋以寧;林正雄,,,P35;P43,none,turn_15,845,147,379
15,E15-S08,B04,2026-09-04,.內景 鹽澳分局 分局長辦公室 日 #E15-S08#,L08,鹽澳分局,DAY,C01;C10,宋以寧;林正雄,,,P35,none,setup,992,147,392
15,E15-S09,B04,2026-09-04,.內景 鹽澳分局 分局長辦公室 日 #E15-S09#,L08,鹽澳分局,DAY,C01;C10,宋以寧;林正雄,,,P14;P35,none,setup,1139,147,250
15,E15-S10,B04,2026-09-04,.內景 鹽澳分局 櫃檯 日 #E15-S10#,L08,鹽澳分局,DAY,C01;C40;C15,宋以寧;分局承辦;分局副手,,,P35,none,setup,1286,147,223
15,E15-S11,B01,2026-09-04,.內景 宋記 櫃檯 日 #E15-S11#,L03,宋記,DAY,C01;C07;C03,宋以寧;郭志豪;宋美惠,,,P35;P37;P36,none,setup,1433,147,314
15,E15-S12,B01,2026-09-04,.外景 宋記 門口 日 #E15-S12#,L03,宋記,DAY,C01;C07,宋以寧;郭志豪,,,P37;P35;P42,vehicle,setup,1580,147,241
15,E15-S13,B01,2026-09-04,.內景 宋記 後間 日 #E15-S13#,L03,宋記,DAY,C01;C02,宋以寧;周晏禮,,,P14;P35;P07,none,turn_30,1727,147,245
15,E15-S14,B01,2026-09-04,.內景 宋記 後間 日 #E15-S14#,L03,宋記,DAY,C01;C02,宋以寧;周晏禮,,,P14;P35;P02,none,setup,1874,147,223
15,E15-S15,B10,2026-09-04,.內景 鎮公所禮堂 入口 日 #E15-S15#,L09,鎮公所禮堂,DAY,C01;C44;C06,宋以寧;鎮公所主持;蔡書妍,,與會鎮民;公所工作人員;魚販,P35;P43,crowd,setup,2021,147,400
15,E15-S16,B10,2026-09-04,.內景 鎮公所禮堂 舞臺側 日 #E15-S16#,L09,鎮公所禮堂,DAY,C06;C13,蔡書妍;蔡承澔,,與會鎮民;公所工作人員,P35;P43,crowd,setup,2168,147,379
15,E15-S17,B10,2026-09-04,.內景 鎮公所禮堂 後排 日 #E15-S17#,L09,鎮公所禮堂,DAY,C01;C12,宋以寧;杜可薇,,與會鎮民;公所工作人員,P31;P04;P43,crowd;screen,setup,2315,147,223
15,E15-S18,B10,2026-09-04,.內景 鎮公所禮堂 臺前 日 #E15-S18#,L09,鎮公所禮堂,DAY,C11;C13;C44;C01,顏水木;蔡承澔;鎮公所主持;宋以寧,,與會鎮民;公所工作人員,P35;P43,crowd,setup,2462,147,223
15,E15-S19,B10,2026-09-04,.內景 鎮公所禮堂 席間 日 #E15-S19#,L09,鎮公所禮堂,DAY,C01;C10;C13;C06;C11;C09;C12;C44,宋以寧;林正雄;蔡承澔;蔡書妍;顏水木;黃添財;杜可薇;鎮公所主持,,與會鎮民;公所工作人員,P14;P35;P43;P31,crowd;screen,climax_45,2609,110,191
15,E15-S20,B10,2026-09-04,.內景 鎮公所禮堂 側邊走道 日 #E15-S20#,L09,鎮公所禮堂,DAY,C01;C10;C44;C13,宋以寧;林正雄;鎮公所主持;蔡承澔,,與會鎮民;公所工作人員,P35;P43,crowd,setup,2719,147,355
15,E15-S21,B04,2026-09-04,.內景 鎮公所禮堂 後排收機處 黃昏 #E15-S21#,L09,鎮公所禮堂,DUSK,C01;C12;C06,宋以寧;杜可薇;蔡書妍,,,P31;P35,screen,setup,2866,147,217
15,E15-S22,B01,2026-09-04,.內景 宋記 後間 夜 #E15-S22#,L03,宋記,NIGHT,C01;C02;C03,宋以寧;周晏禮;宋美惠,,,P14;P35;P36,none,setup,3013,147,250
15,E15-S23,B05,2026-09-04,.外景 冷凍廠 裝貨區 夜 #E15-S23#,L14,冷凍廠,NIGHT,C05;C31,陳柏諺;工頭,,,P42;P37;P04,vehicle,setup,3160,147,205
15,E15-S24,B01,2026-09-04,.內景 宋記 後間／手機內分局後門 夜 #E15-S24#,L03,宋記,NIGHT,C01;C05;C15,宋以寧;陳柏諺;分局副手,C05,便服搬運者甲;便服搬運者乙,P04;P46;P42,screen;vehicle,ending,3307,147,92
16,E16-S01,B05,2026-09-04,.內景 冷凍廠 冷藏室 夜 #E16-S01#,L14,冷凍廠,NIGHT,C05;C31,陳柏諺;工頭,,,P46;P37;P42,none,cold_open,0,144,286
16,E16-S02,B05,2026-09-04,.內景 冷凍廠 更衣區 夜 #E16-S02#,L14,冷凍廠,NIGHT,C05;C01,陳柏諺;宋以寧,C01,,P04;P37,screen,setup,144,144,250
16,E16-S03,B01,2026-09-04,.內景 宋記 後間 夜 #E16-S03#,L03,宋記,NIGHT,C01;C02,宋以寧;周晏禮,,,P04;P46;P35;P02,screen,setup,288,144,363
16,E16-S04,B01,2026-09-05,.內景 宋記 櫃檯 日 #E16-S04#,L03,宋記,DAY,C01;C40,宋以寧;分局承辦,C40,,P04;P35,screen,setup,432,144,244
16,E16-S05,B01,2026-09-05,.內景 阿鸝海產 後間 日 #E16-S05#,L04,阿鸝海產,DAY,C05;C04,陳柏諺;陳秀鸝,,,P36;P37,none,setup,576,144,309
16,E16-S06,B01,2026-09-05,.外景 阿鸝海產 後巷 日 #E16-S06#,L04,阿鸝海產,DAY,C01;C02;C05,宋以寧;周晏禮;陳柏諺,,,P04;P35,none,setup,720,144,352
16,E16-S07,B01,2026-09-05,.外景 阿鸝海產 後巷 日 #E16-S07#,L04,阿鸝海產,DAY,C01;C02;C05,宋以寧;周晏禮;陳柏諺,,,P46;P04,none,turn_15,864,144,258
16,E16-S08,B01,2026-09-05,.外景 阿鸝海產 巷口 日 #E16-S08#,L04,阿鸝海產,DAY,C01;C05,宋以寧;陳柏諺,,,P04;P37,none,setup,1008,144,250
16,E16-S09,B03,2026-09-05,.內景 周晏禮縣城工作室 日 #E16-S09#,L11,周晏禮縣城工作室,DAY,C02,周晏禮,,,P35;P51,none,setup,1152,144,160
16,E16-S10,B01,2026-09-05,.內景 宋記 後間 日 #E16-S10#,L03,宋記,DAY,C01;C03,宋以寧;宋美惠,,,P35;P36;P04,none,setup,1296,144,153
16,E16-S11,B05,2026-09-05,.內景 冷凍廠 工作區 日 #E16-S11#,L14,冷凍廠,DAY,C05;C31,陳柏諺;工頭,,,P35;P37;P46,none,setup,1440,144,273
16,E16-S12,B05,2026-09-05,.外景 冷凍廠 外裝貨區 夜 #E16-S12#,L14,冷凍廠,NIGHT,C05;C01,陳柏諺;宋以寧,C01,,P46;P42;P04,vehicle,setup,1584,144,222
16,E16-S13,B01,2026-09-05,.外景 宋記 後巷 夜 #E16-S13#,L03,宋記,NIGHT,C01;C05;C04;C03,宋以寧;陳柏諺;陳秀鸝;宋美惠,,,P46;P42;P37,vehicle,turn_30,1728,144,163
16,E16-S14,B01,2026-09-05,.外景 宋記 後巷車旁 夜 #E16-S14#,L03,宋記,NIGHT,C01;C05;C04,宋以寧;陳柏諺;陳秀鸝,,,P46;P42;P37,vehicle,setup,1872,144,357
16,E16-S15,B01,2026-09-05,.內景 宋記 樓梯口 夜 #E16-S15#,L03,宋記,NIGHT,C01;C03,宋以寧;宋美惠,,,P36;P04,none,setup,2016,144,168
16,E16-S16,B06,2026-09-05,.內景 車內 宋記門外 夜 #E16-S16#,L33,車內,NIGHT,C01;C02,宋以寧;周晏禮,C02,,P42;P46;P04,vehicle;screen,setup,2160,144,232
16,E16-S17,B03,2026-09-05,.內景 周晏禮縣城工作室 入口 夜 #E16-S17#,L11,周晏禮縣城工作室,NIGHT,C01;C02,宋以寧;周晏禮,,,P46;P35;P51,none,setup,2304,140,180
16,E16-S18,B03,2026-09-05,.內景 周晏禮縣城工作室 空桌前 夜 #E16-S18#,L11,周晏禮縣城工作室,NIGHT,C01;C02,宋以寧;周晏禮,,,P46;P51;P35,none,setup,2444,130,190
16,E16-S19,B03,2026-09-05,.內景 周晏禮縣城工作室 地板旁 夜 #E16-S19#,L11,周晏禮縣城工作室,NIGHT,C01;C02,宋以寧;周晏禮,,,P46;P51;P35,none,climax_45,2574,144,258
16,E16-S20,B03,2026-09-05,.內景 周晏禮縣城工作室 記錄桌 夜 #E16-S20#,L11,周晏禮縣城工作室,NIGHT,C01;C02,宋以寧;周晏禮,,,P51;P46;P35,none,setup,2718,206,378
16,E16-S21,B03,2026-09-05,.內景 周晏禮縣城工作室 門邊 夜 #E16-S21#,L11,周晏禮縣城工作室,NIGHT,C01;C02,宋以寧;周晏禮,,,P46;P51;P35,none,setup,2924,100,94
16,E16-S22,B01,2026-09-05,.內景 阿鸝海產 後間 夜 #E16-S22#,L04,阿鸝海產,NIGHT,C05;C04,陳柏諺;陳秀鸝,,,P04;P36;P37,none,setup,3024,144,185
16,E16-S23,B06,2026-09-05,.內景 車內 周工作室外 夜 #E16-S23#,L33,車內,NIGHT,C01;C05,宋以寧;陳柏諺,C05,,P42;P04;P46;P51,vehicle;screen,setup,3168,144,140
16,E16-S24,B06,2026-09-05,.內景 車內 路邊停車處 夜 #E16-S24#,L33,車內,NIGHT,C01,宋以寧,,,P42;P04;P46;P51,vehicle;screen,ending,3312,144,77
17,E17-S01,B05,2026-09-06,.外景 冷凍廠後門 清晨 #E17-S01#,L14,冷凍廠,DAWN,C01;C05,宋以寧;陳柏諺,,,P31;P35;P37;P42;P46;P51,vehicle,cold_open,0,165,292
17,E17-S02,B05,2026-09-06,.內景 冷凍廠後門倉道 清晨 #E17-S02#,L14,冷凍廠,DAWN,C05;C31,陳柏諺;工頭,,,P35;P37;P46,none,setup,165,140,318
17,E17-S03,B06,2026-09-06,.內景 以寧車內 清晨 #E17-S03#,L33,車內,DAWN,C01;C02,宋以寧;周晏禮,C02,,P04;P31;P35;P46;P51,screen,setup,305,145,344
17,E17-S04,B01,2026-09-06,.內景 宋記早餐桌 上午 #E17-S04#,L03,宋記,DAY,C01;C03,宋以寧;宋美惠,,,P36;P35,none,setup,450,150,269
17,E17-S05,B06,2026-09-06,.外景 宋記旁街口 上午 #E17-S05#,L32,鹽澳街區,DAY,C01;C05,宋以寧;陳柏諺,,,P04;P31;P35,screen,setup,600,140,304
17,E17-S06,B01,2026-09-06,.內景 宋記閣樓 上午 #E17-S06#,L03,宋記,DAY,C01;C03,宋以寧;宋美惠,,,P35;P36;P47,none,setup,740,155,274
17,E17-S07,B01,2026-09-06,.內景 宋記閣樓 上午 #E17-S07#,L03,宋記,DAY,C01;C03;C04,宋以寧;宋美惠;陳秀鸝,,,P16;P35;P36;P47,none,turn_15,895,145,304
17,E17-S08,B01,2026-09-06,.內景 宋記閣樓 上午 #E17-S08#,L03,宋記,DAY,C01;C04,宋以寧;陳秀鸝,,,P16;P35;P47,screen,setup,1040,140,319
17,E17-S09,B01,2026-09-06,.外景 宋記騎樓 中午 #E17-S09#,L03,宋記,DAY,C01;C04,宋以寧;陳秀鸝,,,P36,none,setup,1180,140,320
17,E17-S10,B06,2026-09-06,.內景 添隆樣品屋臨時辦公室 中午 #E17-S10#,L15,添隆工地樣品屋,DAY,C06,蔡書妍,,律所同事（視訊聲音）,P20;P31;P35,screen,setup,1320,145,353
17,E17-S11,B01,2026-09-06,.內景 宋記樓梯口 下午 #E17-S11#,L03,宋記,DAY,C01;C02,宋以寧;周晏禮,C02,,P04;P14;P16;P35,screen,setup,1465,150,380
17,E17-S12,B01,2026-09-06,.內景 宋記閣樓 下午 #E17-S12#,L03,宋記,DAY,C01;C03,宋以寧;宋美惠,,,P16;P35;P47,none,setup,1615,150,238
17,E17-S13,B01,2026-09-06,.內景 宋記母親房門口 下午 #E17-S13#,L03,宋記,DAY,C01;C03,宋以寧;宋美惠,,,P16;P35;P47,none,turn_30,1765,145,273
17,E17-S14,B01,2026-09-06,.外景 宋記後門 下午 #E17-S14#,L03,宋記,DAY,C01;C08,宋以寧;許明達,C08,,P04;P35,none,setup,1910,150,203
17,E17-S15,B06,2026-09-06,.內景 添隆樣品屋臨時辦公室 下午 #E17-S15#,L15,添隆工地樣品屋,DAY,C06,蔡書妍,,律所同事（電話聲音）;清潔人員,P20;P31;P35,screen,setup,2060,140,328
17,E17-S16,B05,2026-09-06,.外景 鹽澳漁港網架 下午 #E17-S16#,L19,鹽澳漁港碼頭,DAY,C01;C42,宋以寧;港邊老漁民,,,P16;P36,none,setup,2200,145,334
17,E17-S17,B04,2026-09-06,.外景 鎮公所停車場 下午 #E17-S17#,L09,鎮公所禮堂,DAY,C06,蔡書妍,,律所同事（電話聲音）,P20;P31;P42,vehicle;screen,setup,2345,150,303
17,E17-S18,B05,2026-09-06,.外景 鹽澳漁港補網處 黃昏 #E17-S18#,L19,鹽澳漁港碼頭,DUSK,C01;C42,宋以寧;港邊老漁民,,,P16;P04,none,setup,2495,145,299
17,E17-S19,B05,2026-09-06,.外景 鹽澳漁港碼頭 黃昏 #E17-S19#,L19,鹽澳漁港碼頭,DUSK,C01;C42;C22,宋以寧;港邊老漁民;仲介,,,P16;P36,none,climax_45,2640,155,126
17,E17-S20,B05,2026-09-06,.外景 鹽澳漁港碼頭出口 黃昏 #E17-S20#,L19,鹽澳漁港碼頭,DUSK,C01;C22,宋以寧;仲介,,,P16;P04,none,setup,2795,130,303
17,E17-S21,B01,2026-09-06,.內景 宋記二樓 夜 #E17-S21#,L03,宋記,NIGHT,C01;C02,宋以寧;周晏禮,C02,,P04;P16;P35;P47,screen,setup,2925,145,370
17,E17-S22,B01,2026-09-06,.內景 宋記櫃臺 夜 #E17-S22#,L03,宋記,NIGHT,C01;C03,宋以寧;宋美惠,,,P36;P16,none,setup,3070,140,286
17,E17-S23,B01,2026-09-06,.外景 宋記信箱 夜 #E17-S23#,L03,宋記,NIGHT,C06,蔡書妍,,,P20;P31,screen,setup,3210,130,15
17,E17-S24,B01,2026-09-07,.內景 宋記早餐桌 清晨 #E17-S24#,L03,宋記,DAWN,C01;C03,宋以寧;宋美惠,,,P20;P36,none,ending,3340,115,0
18,E18-S01,B05,2026-09-08,.內景 漁會舊檔案室 清晨 #E18-S01#,L20,漁會,DAWN,C01;C02;C04;C41,宋以寧;周晏禮;陳秀鸝;漁會職員,,,P15;P16;P04,screen,cold_open,0,170,345
18,E18-S02,B05,2026-09-08,.內景 漁會檔案室 上午 #E18-S02#,L20,漁會,DAY,C01;C02;C41,宋以寧;周晏禮;漁會職員,,,P15;P35,none,setup,170,145,356
18,E18-S03,B05,2026-09-08,.外景 漁會門口 上午 #E18-S03#,L20,漁會,DAY,C01;C02;C04,宋以寧;周晏禮;陳秀鸝,,,P36;P16,none,setup,315,145,336
18,E18-S04,B06,2026-09-08,.內景 停在漁會外的車內 上午 #E18-S04#,L33,車內,DAY,C01;C02,宋以寧;周晏禮,,,P04;P15;P16;P20,screen,setup,460,150,395
18,E18-S05,B06,2026-09-08,.外景 漁工宿舍旁街口 上午 #E18-S05#,L32,鹽澳街區,DAY,C01;C02,宋以寧;周晏禮,,,P04;P35;P51,screen,setup,610,140,175
18,E18-S06,B05,2026-09-08,.內景 仲介辦公室 上午 #E18-S06#,L35,船主之子住處,DAY,C01;C02;C22,宋以寧;周晏禮;仲介,,,P16;P36,none,setup,750,155,384
18,E18-S07,B05,2026-09-08,.內景 仲介辦公室 上午 #E18-S07#,L35,船主之子住處,DAY,C01;C02;C22,宋以寧;周晏禮;仲介,,,P15;P16;P31,screen,turn_15,905,145,383
18,E18-S08,B05,2026-09-08,.內景 仲介辦公室門口 上午 #E18-S08#,L35,船主之子住處,DAY,C01;C02;C22,宋以寧;周晏禮;仲介,,,P16;P35,none,setup,1050,140,360
18,E18-S09,B05,2026-09-08,.外景 漁工宿舍鐵梯旁 中午 #E18-S09#,L13,港區漁工宿舍,DAY,C01;C02,宋以寧;周晏禮,,端碗漁工,P04;P07,none,setup,1190,140,379
18,E18-S10,B04,2026-09-08,.外景 地檢署階梯 下午 #E18-S10#,L17,地檢署,DAY,C01;C02,宋以寧;周晏禮,,,P04;P35;P51,screen,setup,1330,145,173
18,E18-S11,B04,2026-09-08,.內景 地檢署等候走廊 下午 #E18-S11#,L17,地檢署,DAY,C01;C02,宋以寧;周晏禮,C02,,P04;P51,screen,setup,1475,150,396
18,E18-S12,B04,2026-09-08,.內景 地檢署偵查庭外 下午 #E18-S12#,L17,地檢署,DAY,C01;C09,宋以寧;黃添財,,黃添財隨行人,P04;P35,none,setup,1625,150,11
18,E18-S13,B04,2026-09-08,.外景 地檢署側門 下午 #E18-S13#,L17,地檢署,DAY,C01;C02,宋以寧;周晏禮,,,P35;P51,none,turn_30,1775,145,392
18,E18-S14,B06,2026-09-08,.內景 地檢署外停車場車內 下午 #E18-S14#,L33,車內,DAY,C01;C02,宋以寧;周晏禮,,,P35;P42,vehicle,setup,1920,150,217
18,E18-S15,B05,2026-09-08,.內景 冷凍廠休息區 下午 #E18-S15#,L14,冷凍廠,DAY,C05;C31,陳柏諺;工頭,,,P31;P37;P46,screen,setup,2070,140,175
18,E18-S16,B06,2026-09-08,.外景 第二漁港市場鐵門 黃昏 #E18-S16#,L02,第二漁港市場廢墟,DUSK,C01;C02,宋以寧;周晏禮,,,P07;P14;P15;P18;P35;P51,none,setup,2210,145,390
18,E18-S17,B06,2026-09-08,.外景 第二漁港市場殘牆外 黃昏 #E18-S17#,L02,第二漁港市場廢墟,DUSK,C01;C02,宋以寧;周晏禮,,,P02;P07;P14;P15;P18;P35;P51,none,setup,2355,150,322
18,E18-S18,B01,2026-09-08,.內景 宋記二樓 夜 #E18-S18#,L03,宋記,NIGHT,C01;C02,宋以寧;周晏禮,C02,,P02;P35;P51,screen,setup,2505,145,401
18,E18-S19,B04,2026-09-09,.內景 地檢署收發室 上午 #E18-S19#,L17,地檢署,DAY,C01;C02,宋以寧;周晏禮,,收發人員,P35,none,climax_45,2650,155,336
18,E18-S20,B06,2026-09-09,.內景 林正雄車內望靖瀾宮側門 下午 #E18-S20#,L33,車內,DAY,C10;C15;C14,林正雄;分局副手;鐘文吉,,,P31;P42,vehicle;screen,setup,2805,130,0
18,E18-S21,B04,2026-09-09,.內景 鹽澳分局長辦公室 黃昏 #E18-S21#,L08,鹽澳分局,DUSK,C10;C15,林正雄;分局副手,,,P31;P35,screen,setup,2935,145,317
18,E18-S22,B06,2026-09-09,.外景 阿鸝海產對街 黃昏 #E18-S22#,L32,鹽澳街區,DUSK,C01;C05,宋以寧;陳柏諺,,,P04;P35;P51,screen,setup,3080,140,195
18,E18-S23,B01,2026-09-09,.內景 宋記櫃臺 夜 #E18-S23#,L03,宋記,NIGHT,C01;C03,宋以寧;宋美惠,,,P16;P35;P36,none,setup,3220,130,131
18,E18-S24,B06,2026-09-09,.外景 宋記巷口 夜 #E18-S24#,L32,鹽澳街區,NIGHT,C01;C10,宋以寧;林正雄,,,P42,vehicle,ending,3350,115,71
19,E19-S01,B06,2026-09-10,.外景 第二漁港市場鐵門 清晨 #E19-S01#,L02,第二漁港市場廢墟,DAWN,C01;C10,宋以寧;林正雄,,,P36;P35,none,cold_open,0,170,366
19,E19-S02,B06,2026-09-10,.外景 市場廢墟鐵門外 清晨 #E19-S02#,L02,第二漁港市場廢墟,DAWN,C01;C10,宋以寧;林正雄,,,P36;P35,none,setup,170,145,387
19,E19-S03,B06,2026-09-10,.外景 市場外省道騎樓 清晨 #E19-S03#,L32,鹽澳街區,DAWN,C01;C02,宋以寧;周晏禮,C02,,P04;P02;P36,screen,setup,315,145,394
19,E19-S04,B01,2026-09-10,.內景 宋記櫃臺 上午 #E19-S04#,L03,宋記,DAY,C01;C03,宋以寧;宋美惠,,,P02;P36,none,setup,460,150,302
19,E19-S05,B06,2026-09-10,.內景 前往縣城車內 上午 #E19-S05#,L33,車內,DAY,C01;C02,宋以寧;周晏禮,,,P35;P42,vehicle,setup,610,140,199
19,E19-S06,B04,2026-09-10,.內景 地檢署等候區 上午 #E19-S06#,L17,地檢署,DAY,C01;C02,宋以寧;周晏禮,,,P35;P04,none,setup,750,155,345
19,E19-S07,B04,2026-09-10,.內景 地檢署偵訊室 上午 #E19-S07#,L17,地檢署,DAY,C01;C02;C16,宋以寧;周晏禮;承辦檢察官,,紀錄人員,P35,none,turn_15,905,145,398
19,E19-S08,B04,2026-09-10,.外景 地檢署門口 上午 #E19-S08#,L17,地檢署,DAY,C01;C02,宋以寧;周晏禮,,,P35;P04,none,setup,1050,140,203
19,E19-S09,B06,2026-09-10,.內景 添隆樣品屋臨時辦公室 中午 #E19-S09#,L15,添隆工地樣品屋,DAY,C06,蔡書妍,,律所同事（電話聲音）,P31;P35,screen,setup,1190,140,363
19,E19-S10,B06,2026-09-10,.內景 林家客廳 中午 #E19-S10#,L25,林家,DAY,C10;C21,林正雄;林妻,,,P36;P31,none,setup,1330,145,330
19,E19-S11,B01,2026-09-10,.內景 宋記店面 下午 #E19-S11#,L03,宋記,DAY,C01;C03,宋以寧;宋美惠,,老客,P31;P36,screen,setup,1475,150,133
19,E19-S12,B01,2026-09-10,.內景 宋記後間 下午 #E19-S12#,L03,宋記,DAY,C01;C02,宋以寧;周晏禮,C02,,P04;P31;P35,screen,setup,1625,150,363
19,E19-S13,B01,2026-09-10,.內景 宋記樓梯間 下午 #E19-S13#,L03,宋記,DAY,C01;C08,宋以寧;許明達,C08,,P04;P35,none,turn_30,1775,145,418
19,E19-S14,B03,2026-09-10,.內景 周晏禮縣城工作室檔案區 下午 #E19-S14#,L11,周晏禮縣城工作室,DAY,C02;C01,周晏禮;宋以寧,C01,,P31;P35,screen,setup,1920,140,384
19,E19-S15,B05,2026-09-10,.內景 冷凍廠裝卸走道 下午 #E19-S15#,L14,冷凍廠,DAY,C05;C31,陳柏諺;工頭,,,P31;P37,screen,setup,2060,140,201
19,E19-S16,B06,2026-09-10,.內景 添隆樣品屋臨時辦公室 黃昏 #E19-S16#,L15,添隆工地樣品屋,DUSK,C06,蔡書妍,,律所同事（電話聲音）,P31;P35,screen,setup,2200,145,188
19,E19-S17,B01,2026-09-10,.內景 宋記店面 黃昏 #E19-S17#,L03,宋記,DUSK,C01;C03,宋以寧;宋美惠,,,P36;P04,none,setup,2345,150,138
19,E19-S18,B06,2026-09-10,.外景 防風林停車處 黃昏 #E19-S18#,L24,防風林,DUSK,C01;C10,宋以寧;林正雄,,,P42;P04,vehicle,setup,2495,145,312
19,E19-S19,B06,2026-09-10,.內景 林正雄車內 黃昏 #E19-S19#,L33,車內,DUSK,C01;C10,宋以寧;林正雄,,,P35;P42,vehicle,climax_45,2640,155,242
19,E19-S20,B06,2026-09-10,.外景 防風林出口 黃昏 #E19-S20#,L24,防風林,DUSK,C01;C02,宋以寧;周晏禮,C02,,P04;P02,none,setup,2795,130,198
19,E19-S21,B01,2026-09-10,.內景 宋記二樓 夜 #E19-S21#,L03,宋記,NIGHT,C01;C07,宋以寧;郭志豪,C07,,P04;P31;P37,screen,setup,2925,145,203
19,E19-S22,B01,2026-09-10,.內景 宋記廚房 夜 #E19-S22#,L03,宋記,NIGHT,C01;C03,宋以寧;宋美惠,,,P36;P04,none,setup,3070,140,133
19,E19-S23,B06,2026-09-10,.內景 停在宋記外的車內 深夜 #E19-S23#,L33,車內,NIGHT,C01,宋以寧,,,P04;P31;P42,vehicle;screen,setup,3210,130,105
19,E19-S24,B06,2026-09-10,.外景 林家巷口 深夜 #E19-S24#,L25,林家,NIGHT,C01;C10;C21,宋以寧;林正雄;林妻,C10,,P04;P42,vehicle,ending,3340,115,37
20,E20-S01,B06,2026-09-11,.外景 第二漁港市場鐵門 清晨 #E20-S01#,L02,第二漁港市場廢墟,DAWN,C01,宋以寧,,,P36;P04,screen,cold_open,0,155,20
20,E20-S02,B06,2026-09-11,.外景 林家巷口 清晨 #E20-S02#,L32,鹽澳街區,DAWN,C01;C02,宋以寧;周晏禮,,救護人員;消防人員,P04;P36;P42,vehicle,setup,155,135,333
20,E20-S03,B06,2026-09-11,.內景 林家玄關 清晨 #E20-S03#,L25,林家,DAWN,C01;C15;C21;C40,宋以寧;分局副手;林妻;分局承辦,,,P04;P35,none,setup,290,150,355
20,E20-S04,B06,2026-09-11,.內景 林家客廳 上午 #E20-S04#,L25,林家,DAY,C01;C21;C15;C40,宋以寧;林妻;分局副手;分局承辦,,,P36;P35,none,setup,440,200,265
20,E20-S05,B06,2026-09-11,.外景 林家側巷 上午 #E20-S05#,L25,林家,DAY,C01;C02,宋以寧;周晏禮,,,P04;P31,screen,setup,640,140,354
20,E20-S06,B06,2026-09-11,.外景 林家巷口封鎖線 上午 #E20-S06#,L32,鹽澳街區,DAY,C01;C02,宋以寧;周晏禮,,,P04;P02;P35,none,setup,780,100,126
20,E20-S07,B06,2026-09-11,.外景 林家門口至玄關 上午 #E20-S07#,L25,林家,DAY,C01;C02;C15;C21;C27;C28;C40,宋以寧;周晏禮;分局副手;林妻;相驗檢察官;法醫;分局承辦,,,P35;P31,none,turn_15,880,115,62
20,E20-S08,B06,2026-09-11,.外景 林家門前 上午 #E20-S08#,L25,林家,DAY,C01;C21,宋以寧;林妻,,林妻親友,P36;P35;P04,none,setup,995,235,231
20,E20-S09,B06,2026-09-11,.外景 林家巷口臨時紀錄處 上午 #E20-S09#,L32,鹽澳街區,DAY,C01;C02;C40,宋以寧;周晏禮;分局承辦,,,P04;P35;P31,screen,setup,1230,150,342
20,E20-S10,B06,2026-09-11,.內景 周車內 上午 #E20-S10#,L33,車內,DAY,C01;C02,宋以寧;周晏禮,,,P35;P42;P04;P36,vehicle,setup,1380,130,155
20,E20-S11,B01,2026-09-11,.外景 宋記後門 中午 #E20-S11#,L03,宋記,DAY,C01;C07,宋以寧;郭志豪,C07,,P04;P31,screen,setup,1510,135,196
20,E20-S12,B01,2026-09-11,.內景 宋記後間 中午 #E20-S12#,L03,宋記,DAY,C01;C16,宋以寧;承辦檢察官,C16,,P04;P35;P02,none,setup,1645,150,465
20,E20-S13,B01,2026-09-11,.內景 宋記店面 中午 #E20-S13#,L03,宋記,DAY,C01;C03,宋以寧;宋美惠,,,P33;P31;P36,screen,turn_30,1795,195,315
20,E20-S14,B01,2026-09-11,.外景 宋記後門 中午 #E20-S14#,L03,宋記,DAY,C01;C03,宋以寧;宋美惠,,,P04;P33;P42,vehicle,setup,1990,160,235
20,E20-S15,B06,2026-09-11,.內景 前往漁港車內 下午 #E20-S15#,L33,車內,DAY,C01;C03,宋以寧;宋美惠,,,P16;P42,vehicle,setup,2150,150,292
20,E20-S16,B05,2026-09-11,.外景 金順發舊泊位 下午 #E20-S16#,L19,鹽澳漁港碼頭,DAY,C01;C03,宋以寧;宋美惠,,,P16;P15;P04,water,setup,2300,170,345
20,E20-S17,B05,2026-09-11,.外景 舊泊位纜樁旁 下午 #E20-S17#,L19,鹽澳漁港碼頭,DAY,C01;C03,宋以寧;宋美惠,,,P16;P36,water,setup,2470,185,433
20,E20-S18,B05,2026-09-11,.外景 舊泊位水邊 下午 #E20-S18#,L19,鹽澳漁港碼頭,DAY,C01;C03,宋以寧;宋美惠,,,P16;P04,water,climax_45,2655,185,452
20,E20-S19,B05,2026-09-11,.外景 舊泊位欄杆 黃昏 #E20-S19#,L19,鹽澳漁港碼頭,DUSK,C01;C03,宋以寧;宋美惠,,,P04;P05;P15;P16,screen;water,setup,2840,195,426
20,E20-S20,B07,2011-09-12,.內景 二〇一一市場後倉 夜 #E20-S20#,L37,2011市場後倉,NIGHT,C32,哈迪,,不明持桶者,P52;P40;P41;P37,period;fire,setup,3035,45,0
20,E20-S21,B07,2011-09-12,.外景 二〇一一第二漁港市場 夜 #E20-S21#,L02,第二漁港市場廢墟,NIGHT,C33,阿嬤之子,,攤販;奔跑人群,P37;P40,period;fire;stunt;crowd,setup,3080,35,24
20,E20-S22,B07,2011-09-12,.外景 二〇一一金順發泊位 夜 #E20-S22#,L19,鹽澳漁港碼頭,NIGHT,C03;C17,宋美惠;宋以恆,,點名者;七名揹包年輕人,P05;P36;P37;P42,period;water;vehicle;stunt,setup,3115,40,14
20,E20-S23,B05,2026-09-11,.外景 金順發舊泊位 黃昏 #E20-S23#,L19,鹽澳漁港碼頭,DUSK,C01;C03,宋以寧;宋美惠,,,P04;P05;P16;P37,water,setup,3155,195,451
20,E20-S24,B06,2026-09-11,.外景 靖瀾宮金爐旁 夜 #E20-S24#,L05,靖瀾宮廟埕,NIGHT,C01;C14;C11,宋以寧;鐘文吉;顏水木,,,P34;P43,none,ending,3350,115,21
21,E21-S01,B02,2026-09-12,.內景 靖瀾宮後殿 篇序 #E21-S01#,L06,靖瀾宮後殿,DAWN,,,,,P43,none,cold_open,0,20,0
21,E21-S02,B01,2026-09-12,.內景 宋記櫃檯 清晨 #E21-S02#,L03,宋記,DAWN,C01;C03,宋以寧;宋美惠,,,P11;P12;P13;P02,none,setup,20,170,265
21,E21-S03,B01,2026-09-12,.內景 宋記櫃檯 清晨 #E21-S03#,L03,宋記,DAWN,C01;C03,宋以寧;宋美惠,,,P11;P12;P13,none,setup,190,180,229
21,E21-S04,B01,2026-09-12,.內景 宋記櫃檯 早晨 #E21-S04#,L03,宋記,DAY,C01;C03,宋以寧;宋美惠,,,P02;P11;P36,none,setup,370,180,377
21,E21-S05,B03,2026-09-12,.外景 周晏禮縣城工作室門口 日 #E21-S05#,L11,周晏禮縣城工作室,DAY,C01;C02,宋以寧;周晏禮,C01,,P31;P35,screen,setup,550,180,445
21,E21-S06,B06,2026-09-12,.內景 蔡承澔服務處 日 #E21-S06#,L27,蔡承澔服務處,DAY,C06;C13,蔡書妍;蔡承澔,,,P35,none,setup,730,170,203
21,E21-S07,B01,2026-09-12,.內景 宋記櫃檯 日 #E21-S07#,L03,宋記,DAY,C01;C03,宋以寧;宋美惠,,,P02;P11;P12;P13,none,turn_15,900,180,229
21,E21-S08,B01,2026-09-12,.內景 宋記櫃檯 日 #E21-S08#,L03,宋記,DAY,C01;C03,宋以寧;宋美惠,,,P12;P02,none,setup,1080,180,203
21,E21-S09,B01,2026-09-12,.內景 宋記櫃檯 日 #E21-S09#,L03,宋記,DAY,C01;C03,宋以寧;宋美惠,,,P13;P36,none,setup,1260,180,372
21,E21-S10,B06,2026-09-12,.內景 蔡承澔服務處 日 #E21-S10#,L27,蔡承澔服務處,DAY,C06;C13,蔡書妍;蔡承澔,,,P35,none,setup,1440,180,292
21,E21-S11,B01,2026-09-12,.內景 宋記門內 日 #E21-S11#,L03,宋記,DAY,C01;C03,宋以寧;宋美惠,,送貨員,P36;P11;P12;P13,none,setup,1620,180,181
21,E21-S12,B01,2026-09-12,.內景 宋記門內 午後 #E21-S12#,L03,宋記,DAY,C01;C03,宋以寧;宋美惠,,新聞播報聲;老客人,P31,screen,turn_30,1800,160,207
21,E21-S13,B01,2026-09-12,.內景 宋記門內 午後 #E21-S13#,L03,宋記,DAY,C01;C03,宋以寧;宋美惠,,,P36,none,setup,1960,160,380
21,E21-S14,B03,2026-09-12,.內景 周晏禮縣城工作室 午後 #E21-S14#,L11,周晏禮縣城工作室,DAY,C01;C02,宋以寧;周晏禮,C01,,P09;P31;P35,screen,setup,2120,160,205
21,E21-S15,B03,2026-09-12,.內景 周晏禮縣城工作室 午後 #E21-S15#,L11,周晏禮縣城工作室,DAY,C01;C02,宋以寧;周晏禮,C01,,P09;P31;P36,none,setup,2280,160,379
21,E21-S16,B06,2026-09-12,.內景 蔡承澔服務處 午後 #E21-S16#,L27,蔡承澔服務處,DAY,C06;C34,蔡書妍;蔡助理,,,P22;P35,none,setup,2440,160,299
21,E21-S17,B01,2026-09-12,.內景 宋記洗手檯 傍晚 #E21-S17#,L03,宋記,DUSK,C01;C03,宋以寧;宋美惠,,,P36,none,setup,2600,100,189
21,E21-S18,B01,2026-09-12,.外景 宋記門口 傍晚 #E21-S18#,L03,宋記,DUSK,C01;C02,宋以寧;周晏禮,,,P42;P35;P36,vehicle,climax_45,2700,190,305
21,E21-S19,B01,2026-09-12,.內景 宋記櫃檯 夜 #E21-S19#,L03,宋記,NIGHT,C01;C03,宋以寧;宋美惠,,,P11;P12;P13;P02,none,setup,2890,120,341
21,E21-S20,B01,2026-09-12,.內景 阿鸝海產二樓 夜 #E21-S20#,L04,阿鸝海產,NIGHT,C02;C04,周晏禮;陳秀鸝,,,P36,none,setup,3010,100,200
21,E21-S21,B06,2026-09-12,.內景 蔡承澔服務處 夜 #E21-S21#,L27,蔡承澔服務處,NIGHT,C06;C13,蔡書妍;蔡承澔,,,P22;P35,none,setup,3110,90,356
21,E21-S22,B01,2026-09-12,.內景 宋記二樓 夜 #E21-S22#,L03,宋記,NIGHT,C01;C02,宋以寧;周晏禮,C02,,P11;P12;P13;P02;P01;P04,screen,setup,3200,90,321
21,E21-S23,B06,2026-09-12,.外景 鹽澳分局街口 夜 #E21-S23#,L32,鹽澳街區,NIGHT,C01;C12,宋以寧;杜可薇,,攝影員,P04;P31;P42,screen;vehicle,setup,3290,90,162
21,E21-S24,B04,2026-09-12,.外景 鹽澳分局門口 深夜 #E21-S24#,L08,鹽澳分局,NIGHT,C01;C12,宋以寧;杜可薇,,攝影員,P04;P13,screen,ending,3380,85,11
22,E22-S01,B05,2026-09-13,.內景 港區漁工宿舍 清晨 #E22-S01#,L13,港區漁工宿舍,DAWN,C01;C02;C23,宋以寧;周晏禮;印尼老漁工,,宿舍漁工,P31;P07;P02,none,cold_open,0,150,217
22,E22-S02,B05,2026-09-13,.外景 港區漁工宿舍鐵梯 清晨 #E22-S02#,L13,港區漁工宿舍,DAWN,C01;C02;C23,宋以寧;周晏禮;印尼老漁工,,上工漁工,P31;P02,none,setup,150,150,382
22,E22-S03,B05,2026-09-13,.內景 港區漁工宿舍 早晨 #E22-S03#,L13,港區漁工宿舍,DAY,C01;C02;C23,宋以寧;周晏禮;印尼老漁工,,宿舍漁工,P31;P04;P07,screen,setup,300,150,236
22,E22-S04,B01,2026-09-13,.外景 宋記側門 早晨 #E22-S04#,L03,宋記,DAY,C01;C02;C03,宋以寧;周晏禮;宋美惠,C02,,P31;P18;P07,none,setup,450,150,220
22,E22-S05,B05,2026-09-13,.外景 船主之子住處 日 #E22-S05#,L35,船主之子住處,DAY,C01;C22,宋以寧;仲介,,,P31,none,setup,600,150,379
22,E22-S06,B05,2026-09-13,.內景 船主之子住處辦公桌 日 #E22-S06#,L35,船主之子住處,DAY,C01;C22,宋以寧;仲介,,,P35,none,setup,750,150,232
22,E22-S07,B05,2026-09-13,.內景 船主之子住處辦公桌 日 #E22-S07#,L35,船主之子住處,DAY,C01;C22,宋以寧;仲介,,,P48;P02,none,turn_15,900,180,232
22,E22-S08,B05,2026-09-13,.內景 船主之子住處影印機 日 #E22-S08#,L35,船主之子住處,DAY,C01;C22,宋以寧;仲介,,,P48;P02,none,setup,1080,180,391
22,E22-S09,B05,2026-09-13,.外景 鹽澳漁港碼頭 日 #E22-S09#,L19,鹽澳漁港碼頭,DAY,C01;C02,宋以寧;周晏禮,,,P48;P07;P18;P02,none,setup,1260,180,230
22,E22-S10,B01,2026-09-13,.內景 阿鸝海產 日 #E22-S10#,L04,阿鸝海產,DAY,C04;C05,陳秀鸝;陳柏諺,,,P36;P31,screen,setup,1440,180,225
22,E22-S11,B04,2026-09-13,.內景 鹽澳分局櫃檯 午後 #E22-S11#,L08,鹽澳分局,DAY,C01;C02;C40,宋以寧;周晏禮;分局承辦,,候辦民眾,P35;P48;P18;P07,none,setup,1620,180,223
22,E22-S12,B04,2026-09-13,.內景 鹽澳分局櫃檯 午後 #E22-S12#,L08,鹽澳分局,DAY,C01;C02;C15,宋以寧;周晏禮;分局副手,,,P35;P48;P18;P07,none,turn_30,1800,180,383
22,E22-S13,B04,2026-09-13,.外景 鹽澳分局門口 午後 #E22-S13#,L08,鹽澳分局,DAY,C01;C02,宋以寧;周晏禮,,,P35;P04,screen,setup,1980,180,244
22,E22-S14,B01,2026-09-13,.內景 宋記側門內 午後 #E22-S14#,L03,宋記,DAY,C01;C03,宋以寧;宋美惠,,,P31;P35;P18,none,setup,2160,180,338
22,E22-S15,B05,2026-09-13,.內景 港區漁工宿舍 傍晚 #E22-S15#,L13,港區漁工宿舍,DUSK,C01;C23,宋以寧;印尼老漁工,,,P31;P35,none,setup,2340,180,233
22,E22-S16,B01,2026-09-13,.內景 宋記 傍晚 #E22-S16#,L03,宋記,DUSK,C01;C03;C04,宋以寧;宋美惠;陳秀鸝,,,P36;P43,none,setup,2520,180,217
22,E22-S17,B10,2026-09-14,.外景 第二漁港市場廢墟 傍晚 #E22-S17#,L02,第二漁港市場廢墟,DUSK,C01;C04;C05;C23,宋以寧;陳秀鸝;陳柏諺;印尼老漁工,,公祭參與者,P43;P31;P34,crowd,climax_45,2700,190,320
22,E22-S18,B10,2026-09-14,.外景 第二漁港市場廢墟入口 傍晚 #E22-S18#,L02,第二漁港市場廢墟,DUSK,C01;C04;C23,宋以寧;陳秀鸝;印尼老漁工,,漁工甲;宿舍漁工,P31;P36,crowd,setup,2890,110,377
22,E22-S19,B10,2026-09-14,.外景 第二漁港市場廢墟 夕 #E22-S19#,L02,第二漁港市場廢墟,DUSK,C01;C04,宋以寧;陳秀鸝,,罹難者家屬;罹難者七戶家屬,P36;P43;P34,crowd,setup,3000,90,184
22,E22-S20,B02,2026-09-14,.內景 靖瀾宮後殿 夕 #E22-S20#,L06,靖瀾宮後殿,DUSK,C11;C14,顏水木;鐘文吉,,,P34;P43,none,setup,3090,10,1
22,E22-S21,B10,2026-09-14,.外景 第二漁港市場廢墟 夜 #E22-S21#,L02,第二漁港市場廢墟,NIGHT,C01;C02;C04;C23,宋以寧;周晏禮;陳秀鸝;印尼老漁工,,罹難者七戶家屬;宿舍漁工;誦經者;公祭參與者,P31;P34,crowd;fire,setup,3100,120,227
22,E22-S22,B10,2026-09-14,.外景 第二漁港市場與省道 夜 #E22-S22#,L02,第二漁港市場廢墟,NIGHT,C01;C02;C06;C12,宋以寧;周晏禮;蔡書妍;杜可薇,,公祭參與者,P22;P31;P42;P36,crowd;vehicle;screen,setup,3220,110,265
22,E22-S23,B06,2026-09-14,.外景 第二漁港市場廢墟 夜 #E22-S23#,L02,第二漁港市場廢墟,NIGHT,C01;C04;C05;C23,宋以寧;陳秀鸝;陳柏諺;印尼老漁工,,,P31;P43,none,setup,3330,70,228
22,E22-S24,B06,2026-09-14,.外景 第二漁港市場廢墟 深夜 #E22-S24#,L02,第二漁港市場廢墟,NIGHT,C01;C04,宋以寧;陳秀鸝,,,P34;P31,none,ending,3400,65,34
23,E23-S01,B03,2026-09-15,.內景 臺北律所 凌晨 #E23-S01#,L28,臺北律所,NIGHT,C06,蔡書妍,,律所同事,P31;P35,screen,cold_open,0,150,368
23,E23-S02,B03,2026-09-15,.內景 臺北律所影印區 凌晨 #E23-S02#,L28,臺北律所,NIGHT,C06,蔡書妍,,律所同事,P31;P22;P35,screen,setup,150,150,219
23,E23-S03,B06,2026-09-15,.內景 停車車內 清晨 #E23-S03#,L33,車內,DAWN,C06;C34,蔡書妍;蔡助理,C34,,P31;P42,vehicle;screen,setup,300,150,204
23,E23-S04,B01,2026-09-15,.內景 宋記二樓 早晨 #E23-S04#,L03,宋記,DAY,C01;C02,宋以寧;周晏禮,,,P02;P34;P31;P36,screen,setup,450,150,232
23,E23-S05,B06,2026-09-15,.內景 蔡承澔服務處 早晨 #E23-S05#,L27,蔡承澔服務處,DAY,C06;C13;C34,蔡書妍;蔡承澔;蔡助理,,,P35;P31,none,setup,600,150,379
23,E23-S06,B06,2026-09-15,.內景 蔡承澔服務處 日 #E23-S06#,L27,蔡承澔服務處,DAY,C06;C13,蔡書妍;蔡承澔,,,P35;P31,none,setup,750,150,228
23,E23-S07,B01,2026-09-15,.內景 阿鸝海產 日 #E23-S07#,L04,阿鸝海產,DAY,C04;C05;C06,陳秀鸝;陳柏諺;蔡書妍,,午餐客人,P36,none,turn_15,900,180,240
23,E23-S08,B01,2026-09-15,.內景 阿鸝海產 午後 #E23-S08#,L04,阿鸝海產,DAY,C04;C05;C06,陳秀鸝;陳柏諺;蔡書妍,,,P36,none,setup,1080,180,261
23,E23-S09,B01,2026-09-15,.外景 阿鸝海產後門 午後 #E23-S09#,L04,阿鸝海產,DAY,C05;C06,陳柏諺;蔡書妍,,,P36,none,setup,1260,180,349
23,E23-S10,B06,2026-09-15,.外景 鹽澳街區騎樓 午後 #E23-S10#,L32,鹽澳街區,DAY,C01;C02;C07,宋以寧;周晏禮;郭志豪,C07,,P04;P31;P35,screen,setup,1440,180,232
23,E23-S11,B01,2026-09-15,.內景 宋記二樓 午後 #E23-S11#,L03,宋記,DAY,C01;C02;C07,宋以寧;周晏禮;郭志豪,C07,,P04;P31;P35;P02,screen,setup,1620,180,374
23,E23-S12,B05,2026-09-15,.外景 鹽澳漁港碼頭 午後 #E23-S12#,L19,鹽澳漁港碼頭,DAY,C01;C05,宋以寧;陳柏諺,C01,,P31;P42,screen;vehicle,turn_30,1800,160,257
23,E23-S13,B06,2026-09-15,.內景 蔡宅玄關 午後 #E23-S13#,L26,鹽澳蔡宅,DAY,C06;C13,蔡書妍;蔡承澔,,,P31;P36,none,setup,1960,160,227
23,E23-S14,B06,2026-09-15,.內景 蔡宅樓梯 午後 #E23-S14#,L26,鹽澳蔡宅,DAY,C06;C13,蔡書妍;蔡承澔,,,P31;P36,none,setup,2120,160,210
23,E23-S15,B01,2026-09-15,.外景 宋記門口 傍晚 #E23-S15#,L03,宋記,DUSK,C01;C02,宋以寧;周晏禮,,,P04,screen,setup,2280,160,219
23,E23-S16,B01,2026-09-15,.內景 阿鸝海產後廚 傍晚 #E23-S16#,L04,阿鸝海產,DUSK,C04;C05,陳秀鸝;陳柏諺,,,P36;P37;P49,none,setup,2440,160,324
23,E23-S17,B06,2026-09-15,.外景 第二漁港市場省道側殘牆 傍晚 #E23-S17#,L02,第二漁港市場廢墟,DUSK,C01;C06,宋以寧;蔡書妍,,,P22;P31;P02,none,setup,2600,100,209
23,E23-S18,B06,2026-09-15,.外景 第二漁港市場省道側殘牆 傍晚 #E23-S18#,L02,第二漁港市場廢墟,DUSK,C01;C06,宋以寧;蔡書妍,,,P22;P31,screen,climax_45,2700,190,363
23,E23-S19,B06,2026-09-15,.外景 第二漁港市場省道側殘牆 夜 #E23-S19#,L02,第二漁港市場廢墟,NIGHT,C01;C06,宋以寧;蔡書妍,,,P22,none,setup,2890,120,265
23,E23-S20,B06,2026-09-15,.外景 第二漁港市場省道側殘牆 夜 #E23-S20#,L02,第二漁港市場廢墟,NIGHT,C01;C06,宋以寧;蔡書妍,,,P22;P31;P02,none,setup,3010,100,227
23,E23-S21,B01,2026-09-15,.內景 宋記二樓 夜 #E23-S21#,L03,宋記,NIGHT,C01;C02,宋以寧;周晏禮,,,P22;P02;P04,screen,setup,3110,90,221
23,E23-S22,B06,2026-09-15,.外景 添隆樣品屋門外 夜 #E23-S22#,L15,添隆工地樣品屋,NIGHT,C06;C34,蔡書妍;蔡助理,,,P35;P31;P42,vehicle,setup,3200,90,202
23,E23-S23,B05,2026-09-15,.外景 鹽澳漁港碼頭 夜 #E23-S23#,L19,鹽澳漁港碼頭,NIGHT,C05,陳柏諺,,新上線,P31;P36;P42;P49,vehicle,setup,3290,90,207
23,E23-S24,B05,2026-09-15,.外景 鹽澳漁港碼頭 深夜 #E23-S24#,L19,鹽澳漁港碼頭,NIGHT,C05,陳柏諺,,新上線,P49;P36;P42,vehicle,ending,3380,85,43
24,E24-S01,B06,2026-09-16,.外景 添隆樣品屋停車場 凌晨 #E24-S01#,L15,添隆工地樣品屋,NIGHT,C05;C06,陳柏諺;蔡書妍,,,P49;P42;P31,vehicle;stunt,cold_open,0,150,55
24,E24-S02,B06,2026-09-16,.內景 書妍停車車內 凌晨 #E24-S02#,L33,車內,NIGHT,C05;C06,陳柏諺;蔡書妍,,,P49;P42;P31,vehicle,setup,150,150,364
24,E24-S03,B01,2026-09-16,.外景 阿鸝海產後巷 凌晨 #E24-S03#,L04,阿鸝海產,NIGHT,C04;C05;C06,陳秀鸝;陳柏諺;蔡書妍,,,P42;P36;P49,vehicle,setup,300,150,209
24,E24-S04,B01,2026-09-16,.內景 阿鸝海產後間 凌晨 #E24-S04#,L04,阿鸝海產,NIGHT,C04;C05;C06,陳秀鸝;陳柏諺;蔡書妍,,,P36;P31,none,setup,450,150,376
24,E24-S05,B01,2026-09-16,.內景 宋記二樓 凌晨 #E24-S05#,L03,宋記,NIGHT,C01;C02;C07,宋以寧;周晏禮;郭志豪,C02;C07,,P04;P22;P37,none,setup,600,150,223
24,E24-S06,B01,2026-09-16,.內景 阿鸝海產後間 凌晨 #E24-S06#,L04,阿鸝海產,NIGHT,C04;C05;C06,陳秀鸝;陳柏諺;蔡書妍,,,P31,screen,setup,750,150,381
24,E24-S07,B01,2026-09-16,.內景 阿鸝海產後間 凌晨 #E24-S07#,L04,阿鸝海產,NIGHT,C04;C05;C06,陳秀鸝;陳柏諺;蔡書妍,,,P31;P42;P37,none,turn_15,900,180,252
24,E24-S08,B01,2026-09-16,.外景 阿鸝海產後巷 凌晨 #E24-S08#,L04,阿鸝海產,NIGHT,C01;C05,宋以寧;陳柏諺,,,P42;P49;P37;P31,vehicle,setup,1080,180,251
24,E24-S09,B01,2026-09-16,.內景 阿鸝海產後間 凌晨 #E24-S09#,L04,阿鸝海產,NIGHT,C04;C06,陳秀鸝;蔡書妍,,,P36,none,setup,1260,180,365
24,E24-S10,B06,2026-09-16,.內景 郭志豪停車車內 凌晨 #E24-S10#,L33,車內,NIGHT,C01;C02;C07,宋以寧;周晏禮;郭志豪,,,P31;P37;P49;P42,screen;vehicle,setup,1440,180,386
24,E24-S11,B05,2026-09-16,.外景 鹽澳漁港碼頭 凌晨 #E24-S11#,L19,鹽澳漁港碼頭,NIGHT,C01;C05,宋以寧;陳柏諺,C01,帶人者甲;帶人者乙,P31;P37;P42,vehicle;stunt,setup,1620,180,186
24,E24-S12,B06,2026-09-16,.內景 郭志豪停車車內 凌晨 #E24-S12#,L33,車內,NIGHT,C01;C02;C07,宋以寧;周晏禮;郭志豪,,,P31;P49;P42;P37,screen;vehicle,turn_30,1800,180,192
24,E24-S13,B01,2026-09-16,.內景 阿鸝海產後間 凌晨 #E24-S13#,L04,阿鸝海產,NIGHT,C02;C04;C06,周晏禮;陳秀鸝;蔡書妍,C02,,P31;P35,none,setup,1980,180,341
24,E24-S14,B06,2026-09-16,.內景 郭志豪停車車內 凌晨 #E24-S14#,L33,車內,NIGHT,C01;C02;C07,宋以寧;周晏禮;郭志豪,,,P31;P42;P37,vehicle,setup,2160,180,417
24,E24-S15,B05,2026-09-16,.外景 冷凍廠側門 凌晨 #E24-S15#,L14,冷凍廠,NIGHT,C01;C02;C07,宋以寧;周晏禮;郭志豪,,值勤接線聲,P31;P04;P37,none,setup,2340,180,261
24,E24-S16,B05,2026-09-16,.內景 冷凍廠裝卸區 凌晨 #E24-S16#,L14,冷凍廠,NIGHT,C01;C05,宋以寧;陳柏諺,,打手甲;打手乙,P31;P37,none,setup,2520,180,206
24,E24-S17,B05,2026-09-16,.內景 冷凍廠裝卸區 凌晨 #E24-S17#,L14,冷凍廠,NIGHT,C01;C02;C05;C07;C14;C20,宋以寧;周晏禮;陳柏諺;郭志豪;鐘文吉;海哥,C20,打手甲;打手乙;廟方司機,P31;P37;P42,stunt;vehicle,climax_45,2700,90,26
24,E24-S18,B05,2026-09-16,.內景 冷凍廠裝卸區 凌晨 #E24-S18#,L14,冷凍廠,NIGHT,C01;C02;C05;C07,宋以寧;周晏禮;陳柏諺;郭志豪,,,P31;P37;P04,medical,setup,2790,95,230
24,E24-S19,B05,2026-09-16,.外景 冷凍廠救護車旁 凌晨 #E24-S19#,L14,冷凍廠,NIGHT,C01;C02;C05;C07;C47,宋以寧;周晏禮;陳柏諺;郭志豪;醫護人員,,第二名救護人員,P37;P42;P31,medical;vehicle,setup,2885,95,229
24,E24-S20,B04,2026-09-16,.內景 縣城醫院急診檢傷臺 凌晨 #E24-S20#,L18,縣城醫院,NIGHT,C01;C02;C05;C47,宋以寧;周晏禮;陳柏諺;醫護人員,,,P35;P37;P31,medical,setup,2980,95,233
24,E24-S21,B04,2026-09-16,.內景 縣城醫院急診處置室 凌晨 #E24-S21#,L18,縣城醫院,NIGHT,C01;C02;C05;C47,宋以寧;周晏禮;陳柏諺;醫護人員,,,P35;P37,medical,setup,3075,110,370
24,E24-S22,B01,2026-09-16,.內景 阿鸝海產後間 凌晨 #E24-S22#,L04,阿鸝海產,NIGHT,C01;C04;C06,宋以寧;陳秀鸝;蔡書妍,C01,,P31;P35,none,setup,3185,90,235
24,E24-S23,B04,2026-09-16,.內景 縣城醫院急診走廊 凌晨 #E24-S23#,L18,縣城醫院,NIGHT,C01;C02,宋以寧;周晏禮,,,P37,medical;intimacy,setup,3275,30,0
24,E24-S24,B04,2026-09-16,.內景 縣城醫院急診病床 凌晨 #E24-S24#,L18,縣城醫院,NIGHT,C01;C05,宋以寧;陳柏諺,,,P25;P31;P04;P37;P49,screen;medical,ending,3305,160,232
25,E25-S01,B02,2026-09-17,.內景 靖瀾宮廟務辦公室 上午 #E25-S01#,L06,靖瀾宮後殿,DAY,C14;C01,鐘文吉;宋以寧,,,P35;P04,none,cold_open,0,135,363
25,E25-S02,B01,2026-09-17,.內景 阿鸝海產二樓 早些時候 #E25-S02#,L04,阿鸝海產,DAY,C02;C01,周晏禮;宋以寧,,,P35;P36;P37,medical,setup,135,160,386
25,E25-S03,B02,2026-09-17,.內景 靖瀾宮後殿走道 上午 #E25-S03#,L06,靖瀾宮後殿,DAY,C14;C01,鐘文吉;宋以寧,,,P43;P35,none,setup,295,160,326
25,E25-S04,B02,2026-09-17,.內景 靖瀾宮廟務辦公室 上午 #E25-S04#,L06,靖瀾宮後殿,DAY,C01;C14,宋以寧;鐘文吉,,,P35;P04;P43,none,setup,455,160,366
25,E25-S05,B01,2026-09-17,.內景 宋記 一樓 上午 #E25-S05#,L03,宋記,DAY,C03;C01,宋美惠;宋以寧,C01,,P33;P36;P04,none,setup,615,155,343
25,E25-S06,B02,2026-09-17,.內景 靖瀾宮廟務辦公室 午前 #E25-S06#,L06,靖瀾宮後殿,DAY,C01;C14,宋以寧;鐘文吉,,,P35;P04;P36,none,setup,770,145,148
25,E25-S07,B02,2026-09-17,.內景 靖瀾宮廟務辦公室 午後 #E25-S07#,L06,靖瀾宮後殿,DAY,C01;C14,宋以寧;鐘文吉,,,P35;P04,screen,turn_15,915,180,358
25,E25-S08,B02,2026-09-17,.內景 靖瀾宮後殿檔案走道 午後 #E25-S08#,L06,靖瀾宮後殿,DAY,C43;C14;C01,廟務人員;鐘文吉;宋以寧,,,P35;P43,none,setup,1095,130,135
25,E25-S09,B01,2026-09-17,.內景 阿鸝海產二樓 午後 #E25-S09#,L04,阿鸝海產,DAY,C02;C01,周晏禮;宋以寧,C01,,P04;P25;P37,screen;medical,setup,1225,165,366
25,E25-S10,B02,2026-09-17,.內景 靖瀾宮廟務辦公室 午後 #E25-S10#,L06,靖瀾宮後殿,DAY,C01;C14,宋以寧;鐘文吉,,,P35;P43,none,setup,1390,160,366
25,E25-S11,B06,2026-09-17,.外景 靖瀾宮廟埕 午後 #E25-S11#,L05,靖瀾宮廟埕,DAY,C43;C01;C14,廟務人員;宋以寧;鐘文吉,,,P04;P35,none,setup,1550,130,146
25,E25-S12,B02,2026-09-17,.內景 靖瀾宮廟務辦公室 午後 #E25-S12#,L06,靖瀾宮後殿,DAY,C11;C01,顏水木;宋以寧,,,P35;P43,none,setup,1680,140,149
25,E25-S13,B02,2026-09-17,.內景 靖瀾宮廟務辦公室 午後 #E25-S13#,L06,靖瀾宮後殿,DAY,C11;C01;C14,顏水木;宋以寧;鐘文吉,,,P35;P04,none,turn_30,1820,180,151
25,E25-S14,B02,2026-09-17,.內景 靖瀾宮後殿洗手檯 午後 #E25-S14#,L06,靖瀾宮後殿,DAY,C01;C14,宋以寧;鐘文吉,,,P35;P04,none,setup,2000,150,252
25,E25-S15,B02,2026-09-17,.內景 靖瀾宮後殿餐廳 傍晚 #E25-S15#,L06,靖瀾宮後殿,DAY,C11;C01,顏水木;宋以寧,,,P36;P43,none,setup,2150,145,301
25,E25-S16,B02,2026-09-17,.內景 靖瀾宮後殿餐廳 傍晚 #E25-S16#,L06,靖瀾宮後殿,DUSK,C11;C01,顏水木;宋以寧,,,P36;P11;P35,none,setup,2295,145,328
25,E25-S17,B02,2026-09-17,.內景 靖瀾宮後殿餐廳 傍晚 #E25-S17#,L06,靖瀾宮後殿,DUSK,C11;C01,顏水木;宋以寧,,,P36;P43;P35,none,setup,2440,140,324
25,E25-S18,B02,2026-09-17,.內景 靖瀾宮後殿餐廳 傍晚 #E25-S18#,L06,靖瀾宮後殿,DUSK,C01;C11;C14,宋以寧;顏水木;鐘文吉,,,P36;P43,none,setup,2580,145,128
25,E25-S19,B02,2026-09-17,.內景 靖瀾宮後殿餐廳 夜 #E25-S19#,L06,靖瀾宮後殿,NIGHT,C11;C01;C43;C14,顏水木;宋以寧;廟務人員;鐘文吉,,,P36;P43;P35,none,climax_45,2725,160,125
25,E25-S20,B02,2026-09-17,.內景 靖瀾宮後殿香案前 夜 #E25-S20#,L06,靖瀾宮後殿,NIGHT,C01;C11;C14,宋以寧;顏水木;鐘文吉,,,P35;P43;P04,none,setup,2885,115,95
25,E25-S21,B06,2026-09-17,.外景 靖瀾宮廟埕 夜 #E25-S21#,L05,靖瀾宮廟埕,NIGHT,C02;C01,周晏禮;宋以寧,C02,,P04;P35,screen,setup,3000,145,363
25,E25-S22,B06,2026-09-17,.外景 鹽澳街區 夜 #E25-S22#,L32,鹽澳街區,NIGHT,C43;C01,廟務人員;宋以寧,,旗架工作人員,P04;P35;P36,none,setup,3145,140,297
25,E25-S23,B01,2026-09-17,.內景 阿鸝海產二樓 夜 #E25-S23#,L04,阿鸝海產,NIGHT,C01;C02,宋以寧;周晏禮,,,P36;P04;P37,medical,setup,3285,120,177
25,E25-S24,B01,2026-09-17,.內景 宋記 神明桌前 夜 #E25-S24#,L03,宋記,NIGHT,C01;C03,宋以寧;宋美惠,,,P33;P36,none,ending,3405,60,15
26,E26-S01,B01,2026-09-18,.內景 宋記 神明桌前 凌晨 #E26-S01#,L03,宋記,NIGHT,C01;C03,宋以寧;宋美惠,,,P01;P33;P04,none,cold_open,0,120,212
26,E26-S02,B01,2026-09-18,.內景 宋記 廚房 凌晨 #E26-S02#,L03,宋記,NIGHT,C01;C03,宋以寧;宋美惠,,,P01;P36,none,setup,120,145,220
26,E26-S03,B01,2026-09-18,.內景 阿鸝海產二樓 早晨 #E26-S03#,L04,阿鸝海產,DAY,C01;C02,宋以寧;周晏禮,,,P05;P35;P37,medical,setup,265,145,234
26,E26-S04,B05,2026-09-18,.內景 船主之子住處 上午 #E26-S04#,L35,船主之子住處,DAY,C22;C02,仲介;周晏禮,,,P35;P05;P16,none,setup,410,175,468
26,E26-S05,B01,2026-09-18,.內景 宋記 一樓 上午 #E26-S05#,L03,宋記,DAY,C01;C03,宋以寧;宋美惠,,,P36;P33,none,setup,585,140,184
26,E26-S06,B01,2026-09-18,.內景 阿鸝海產後間 上午 #E26-S06#,L04,阿鸝海產,DAY,C06;C05,蔡書妍;陳柏諺,,,P35;P37;P36;P31,medical,setup,725,145,445
26,E26-S07,B05,2026-09-18,.內景 船主之子住處 上午 #E26-S07#,L35,船主之子住處,DAY,C02;C22,周晏禮;仲介,,,P35;P05,screen,turn_15,870,180,248
26,E26-S08,B04,2026-09-18,.內景 鹽澳分局 櫃臺 午後 #E26-S08#,L08,鹽澳分局,DAY,C06;C15,蔡書妍;分局副手,,,P35;P04,none,setup,1050,130,432
26,E26-S09,B04,2026-09-18,.外景 鹽澳分局 門口 午後 #E26-S09#,L08,鹽澳分局,DAY,C13;C06;C34,蔡承澔;蔡書妍;蔡助理,,,P42;P35;P04,vehicle,setup,1180,145,190
26,E26-S10,B06,2026-09-18,.內景 蔡宅 客廳 午後 #E26-S10#,L26,鹽澳蔡宅,DAY,C13;C06,蔡承澔;蔡書妍,,,P35;P36,none,setup,1325,140,232
26,E26-S11,B06,2026-09-18,.外景 鹽澳街區 騎樓 午後 #E26-S11#,L32,鹽澳街區,DAY,C02;C01,周晏禮;宋以寧,C02,,P04;P05;P35,screen,setup,1465,130,228
26,E26-S12,B03,2026-09-18,.內景 鏗鏘新聞辦公室 午後 #E26-S12#,L16,鏗鏘新聞辦公室,DAY,C35;C12;C01,鏗鏘助理;杜可薇;宋以寧,,,P04;P11;P12;P13,screen,setup,1595,140,221
26,E26-S13,B03,2026-09-18,.內景 鏗鏘新聞辦公室 杜可薇桌前 午後 #E26-S13#,L16,鏗鏘新聞辦公室,DAY,C12;C01,杜可薇;宋以寧,,,P04;P31,screen,turn_30,1735,180,211
26,E26-S14,B03,2026-09-18,.內景 鏗鏘新聞辦公室 玻璃門旁 午後 #E26-S14#,L16,鏗鏘新聞辦公室,DAY,C01;C12;C35,宋以寧;杜可薇;鏗鏘助理,,,P04;P31,none,setup,1915,140,419
26,E26-S15,B06,2026-09-18,.內景 蔡宅 書妍房門內 傍晚 #E26-S15#,L26,鹽澳蔡宅,DUSK,C05;C06,陳柏諺;蔡書妍,C05,,P04;P35,screen,setup,2055,145,248
26,E26-S16,B01,2026-09-18,.內景 宋記 廚房 傍晚 #E26-S16#,L03,宋記,DUSK,C01;C03,宋以寧;宋美惠,,,P36;P33,none,setup,2200,145,149
26,E26-S17,B01,2026-09-18,.內景 阿鸝海產二樓 夜 #E26-S17#,L04,阿鸝海產,NIGHT,C02;C01,周晏禮;宋以寧,C01,,P35;P05;P04,screen,setup,2345,140,235
26,E26-S18,B01,2026-09-18,.內景 宋記 二樓 夜 #E26-S18#,L03,宋記,NIGHT,C01;C03,宋以寧;宋美惠,,,P01;P33;P36,none,setup,2485,145,187
26,E26-S19,B01,2026-09-18,.內景 宋記 二樓 夜 #E26-S19#,L03,宋記,NIGHT,C03;C01,宋美惠;宋以寧,,,P01;P36,none,climax_45,2630,220,421
26,E26-S20,B01,2026-09-18,.內景 宋記 二樓 夜 #E26-S20#,L03,宋記,NIGHT,C01;C03,宋以寧;宋美惠,,,P01;P36,none,setup,2850,170,201
26,E26-S21,B01,2026-09-18,.內景 宋記 二樓走廊 夜 #E26-S21#,L03,宋記,NIGHT,C01;C03,宋以寧;宋美惠,,,P01;P36;P33,none,setup,3020,145,182
26,E26-S22,B01,2026-09-18,.內景 宋記 櫃臺 夜 #E26-S22#,L03,宋記,NIGHT,C01;C03,宋以寧;宋美惠,,,P01;P02;P35;P04,screen,setup,3165,140,313
26,E26-S23,B03,2026-09-18,.內景 鏗鏘新聞辦公室 夜 #E26-S23#,L16,鏗鏘新聞辦公室,NIGHT,C35;C12,鏗鏘助理;杜可薇,,,P31;P30,screen,setup,3305,100,145
26,E26-S24,B01,2026-09-18,.外景 宋記 門口 深夜 #E26-S24#,L03,宋記,NIGHT,C08;C01;C03,許明達;宋以寧;宋美惠,,,P42;P35;P36,vehicle,ending,3405,60,0
27,E27-S01,B01,2026-09-19,.內景 宋記 櫃臺 清晨 #E27-S01#,L03,宋記,DAWN,C08;C01;C03,許明達;宋以寧;宋美惠,,,P35;P36,none,cold_open,0,120,167
27,E27-S02,B01,2026-09-19,.內景 宋記 櫃臺 早晨 #E27-S02#,L03,宋記,DAY,C01;C08,宋以寧;許明達,,,P35;P36,none,setup,120,145,418
27,E27-S03,B01,2026-09-19,.內景 宋記 餐桌 早晨 #E27-S03#,L03,宋記,DAY,C08;C01,許明達;宋以寧,,,P35;P10;P02,none,setup,265,145,467
27,E27-S04,B01,2026-09-19,.內景 宋記 廚房門口 上午 #E27-S04#,L03,宋記,DAY,C03;C01,宋美惠;宋以寧,,,P04;P35;P36,none,setup,410,145,160
27,E27-S05,B01,2026-09-19,.內景 宋記 餐桌 上午 #E27-S05#,L03,宋記,DAY,C08;C01,許明達;宋以寧,,,P35;P36,none,setup,555,140,219
27,E27-S06,B01,2026-09-19,.內景 阿鸝海產二樓 上午 #E27-S06#,L04,阿鸝海產,DAY,C02;C08;C01,周晏禮;許明達;宋以寧,,,P35;P10;P37,medical,setup,695,145,442
27,E27-S07,B01,2026-09-19,.內景 阿鸝海產二樓 上午 #E27-S07#,L04,阿鸝海產,DAY,C01;C08;C02,宋以寧;許明達;周晏禮,,,P35;P10;P22,none,turn_15,840,180,240
27,E27-S08,B04,2026-09-19,.內景 地檢署 收件走廊 午後 #E27-S08#,L17,地檢署,DAY,C08;C01;C02,許明達;宋以寧;周晏禮,,視窗人員,P35;P04,none,setup,1020,130,214
27,E27-S09,B04,2026-09-19,.外景 地檢署 階梯 午後 #E27-S09#,L17,地檢署,DAY,C09;C08;C01,黃添財;許明達;宋以寧,,記者甲;記者乙;黃添財律師,P42;P35,vehicle;crowd,setup,1150,145,163
27,E27-S10,B03,2026-09-19,.內景 臺北盛安 法務會議室 午後 #E27-S10#,L10,臺北盛安,DAY,C38;C08,盛安法務;許明達,,,P31;P35,screen,setup,1295,140,387
27,E27-S11,B01,2026-09-19,.內景 阿鸝海產後間 夜 #E27-S11#,L04,阿鸝海產,NIGHT,C06;C05,蔡書妍;陳柏諺,,,P35;P04;P37,none,setup,1435,130,212
27,E27-S12,B01,2026-09-19,.內景 宋記 櫃臺 夜 #E27-S12#,L03,宋記,NIGHT,C01;C02,宋以寧;周晏禮,,,P35;P04;P02,screen,setup,1565,140,179
27,E27-S13,B01,2026-09-20,.內景 宋記 櫃臺 上午 #E27-S13#,L03,宋記,DAY,C39;C01;C38;C03,盛安人資;宋以寧;盛安法務;宋美惠,C39;C38,,P35;P04,screen,turn_30,1705,180,408
27,E27-S14,B01,2026-09-20,.內景 宋記 廚房 午間 #E27-S14#,L03,宋記,DAY,C01;C03,宋以寧;宋美惠,,,P35;P36;P33,none,setup,1885,140,168
27,E27-S15,B02,2026-09-20,.外景 靖瀾宮 側門 傍晚 #E27-S15#,L06,靖瀾宮後殿,DUSK,C25;C05,顏水木外甥;陳柏諺,,,P41;P42;P31,vehicle,setup,2025,145,168
27,E27-S16,B06,2026-09-20,.外景 添隆工地樣品屋 對街 夜 #E27-S16#,L15,添隆工地樣品屋,NIGHT,C07;C01,郭志豪;宋以寧,C01,,P42;P04;P37,vehicle;screen,setup,2170,145,438
27,E27-S17,B02,2026-09-20,.內景 靖瀾宮後殿 夜 #E27-S17#,L06,靖瀾宮後殿,NIGHT,C25;C11;C14,顏水木外甥;顏水木;鐘文吉,,,P41;P35;P43,none,setup,2315,140,182
27,E27-S18,B05,2026-09-21,.外景 鹽澳漁港碼頭 午後 #E27-S18#,L19,鹽澳漁港碼頭,DAY,C05,陳柏諺,,新上線,P31;P04;P37,screen,setup,2455,145,170
27,E27-S19,B06,2026-09-21,.外景 靖瀾宮廟埕 公告欄 傍晚 #E27-S19#,L05,靖瀾宮廟埕,DUSK,C01;C43;C14,宋以寧;廟務人員;鐘文吉,,,P31;P04;P35;P43,screen,climax_45,2600,220,151
27,E27-S20,B06,2026-09-21,.外景 靖瀾宮廟埕 石階 傍晚 #E27-S20#,L05,靖瀾宮廟埕,DUSK,C01;C02,宋以寧;周晏禮,C02,,P04;P35,none,setup,2820,170,214
27,E27-S21,B01,2026-09-21,.內景 阿鸝海產二樓 夜 #E27-S21#,L04,阿鸝海產,NIGHT,C07;C01;C02,郭志豪;宋以寧;周晏禮,,,P35;P31;P04,screen,setup,2990,145,423
27,E27-S22,B01,2026-09-21,.內景 宋記 神明桌旁 夜 #E27-S22#,L03,宋記,NIGHT,C01;C03,宋以寧;宋美惠,,,P35;P04;P36,none,setup,3135,140,209
27,E27-S23,B01,2026-09-21,.內景 阿鸝海產後間 夜 #E27-S23#,L04,阿鸝海產,NIGHT,C07;C05,郭志豪;陳柏諺,,,P04;P37;P36,medical,setup,3275,100,218
27,E27-S24,B01,2026-09-21,.內景 阿鸝海產二樓 夜 #E27-S24#,L04,阿鸝海產,NIGHT,C01;C02,宋以寧;周晏禮,,,P04;P31;P35,screen,ending,3375,90,132
28,E28-S01,B02,2026-09-22,.內景 靖瀾宮後殿 黎明前 #E28-S01#,L06,靖瀾宮後殿,DAWN,C43;C14,廟務人員;鐘文吉,,,P34;P43,none,cold_open,0,120,121
28,E28-S02,B01,2026-09-22,.內景 阿鸝海產二樓 上午 #E28-S02#,L04,阿鸝海產,DAY,C07;C01,郭志豪;宋以寧,,,P04;P31;P37,screen,setup,120,145,236
28,E28-S03,B01,2026-09-22,.內景 阿鸝海產二樓 上午 #E28-S03#,L04,阿鸝海產,DAY,C02;C01,周晏禮;宋以寧,,,P08;P18;P35;P10,none,setup,265,145,228
28,E28-S04,B01,2026-09-22,.內景 宋記 神明桌前 午間 #E28-S04#,L03,宋記,DAY,C03;C01,宋美惠;宋以寧,,,P17;P34;P36,none,setup,410,145,178
28,E28-S05,B06,2026-09-22,.外景 第二漁港市場廢墟 街口 傍晚 #E28-S05#,L02,第二漁港市場廢墟,DUSK,C07;C01,郭志豪;宋以寧,,,P04;P37,none,setup,555,140,194
28,E28-S06,B06,2026-09-22,.外景 靖瀾宮廟埕 夜 #E28-S06#,L05,靖瀾宮廟埕,NIGHT,C43;C14;C01,廟務人員;鐘文吉;宋以寧,,,P34;P43,none,setup,695,145,168
28,E28-S07,B06,2026-09-22,.外景 第二漁港市場廢墟 鐵門旁 夜 #E28-S07#,L02,第二漁港市場廢墟,NIGHT,C01;C14,宋以寧;鐘文吉,,,P34;P04,none,turn_15,840,180,234
28,E28-S08,B06,2026-09-22,.外景 鹽澳街區 路燈下 夜 #E28-S08#,L32,鹽澳街區,NIGHT,C01;C07,宋以寧;郭志豪,,,P04;P34,none,setup,1020,130,230
28,E28-S09,B06,2026-09-22,.內景 蔡宅 客廳 夜 #E28-S09#,L26,鹽澳蔡宅,NIGHT,C13;C06,蔡承澔;蔡書妍,,,P31;P36,none,setup,1150,145,243
28,E28-S10,B01,2026-09-23,.內景 阿鸝海產二樓 早晨 #E28-S10#,L04,阿鸝海產,DAY,C02;C01,周晏禮;宋以寧,,,P08;P18;P35;P10,none,setup,1295,140,237
28,E28-S11,B01,2026-09-23,.內景 宋記 門內 上午 #E28-S11#,L03,宋記,DAY,C01;C03,宋以寧;宋美惠,,送件人,P35;P04,none,setup,1435,130,170
28,E28-S12,B04,2026-09-23,.內景 地檢署 候詢走廊 上午 #E28-S12#,L17,地檢署,DAY,C02,周晏禮,,檢察事務官,P35;P08;P18,none,setup,1565,140,187
28,E28-S13,B04,2026-09-23,.內景 地檢署 談話室 午間 #E28-S13#,L17,地檢署,DAY,C16;C02,承辦檢察官;周晏禮,,,P08;P18;P35;P10,none,turn_30,1705,180,265
28,E28-S14,B04,2026-09-23,.外景 地檢署 門外 午後 #E28-S14#,L17,地檢署,DAY,C02;C01,周晏禮;宋以寧,C01,,P04;P35,none,setup,1885,140,403
28,E28-S15,B01,2026-09-23,.內景 阿鸝海產二樓 午後 #E28-S15#,L04,阿鸝海產,DAY,C07;C01,郭志豪;宋以寧,,,P35;P34;P04,none,setup,2025,145,232
28,E28-S16,B05,2026-09-23,.外景 港區漁工宿舍 門口 傍晚 #E28-S16#,L13,港區漁工宿舍,DUSK,C01;C23,宋以寧;印尼老漁工,,翻譯志工,P34;P35,none,setup,2170,145,226
28,E28-S17,B02,2026-09-23,.內景 靖瀾宮功德堂 入口 夜 #E28-S17#,L07,靖瀾宮功德堂,NIGHT,C43;C01,廟務人員;宋以寧,,,P17;P34;P04,none,setup,2315,140,170
28,E28-S18,B02,2026-09-23,.內景 靖瀾宮功德堂 十一號位前 夜 #E28-S18#,L07,靖瀾宮功德堂,NIGHT,C14;C01,鐘文吉;宋以寧,,,P17;P34;P43,none,setup,2455,145,238
28,E28-S19,B02,2026-09-23,.內景 靖瀾宮功德堂 十一號位前 夜 #E28-S19#,L07,靖瀾宮功德堂,NIGHT,C14;C01,鐘文吉;宋以寧,,,P17;P34,none,climax_45,2600,220,550
28,E28-S20,B02,2026-09-23,.內景 靖瀾宮功德堂 香案側 夜 #E28-S20#,L07,靖瀾宮功德堂,NIGHT,C01;C14,宋以寧;鐘文吉,,,P17;P34;P05,none,setup,2820,170,621
28,E28-S21,B02,2026-09-23,.內景 靖瀾宮功德堂 十一號位前 夜 #E28-S21#,L07,靖瀾宮功德堂,NIGHT,C01;C14,宋以寧;鐘文吉,,,P17;P27;P34,none,setup,2990,145,373
28,E28-S22,B06,2026-09-23,.外景 靖瀾宮側門外 夜 #E28-S22#,L05,靖瀾宮廟埕,NIGHT,C25;C07;C01,顏水木外甥;郭志豪;宋以寧,C25,外甥的人,P04;P31;P27,screen;vehicle,setup,3135,140,135
28,E28-S23,B01,2026-09-23,.內景 阿鸝海產二樓 夜 #E28-S23#,L04,阿鸝海產,NIGHT,C01;C02;C07,宋以寧;周晏禮;郭志豪,,,P27;P34;P35;P04,none,setup,3275,100,356
28,E28-S24,B06,2026-09-23,.內景 蔡宅 樓梯間 夜 #E28-S24#,L26,鹽澳蔡宅,NIGHT,C13;C06,蔡承澔;蔡書妍,,,P28;P04;P31,screen,ending,3375,90,18
29,E29-S01,B09,2026-09-24,.內景 宋記 櫃檯 清晨 #E29-S01#,L03,宋記,DAWN,C01;C06;C03;C13,宋以寧;蔡書妍;宋美惠;蔡承澔,C13,,P28;P04;P36,screen,cold_open,0,144,224
29,E29-S02,B09,2026-09-24,.內景 宋記 後間 日 #E29-S02#,L03,宋記,DAY,C01;C06,宋以寧;蔡書妍,,,P28;P35;P04,screen,setup,144,144,382
29,E29-S03,B09,2026-09-24,.內景 宋記 貨架間 日 #E29-S03#,L03,宋記,DAY,C01;C03;C04,宋以寧;宋美惠;陳秀鸝,,,P36;P33,none,setup,288,144,315
29,E29-S04,B09,2026-09-24,.內景 阿鸝海產 二樓 日 #E29-S04#,L04,阿鸝海產,DAY,C01;C02;C05;C07,宋以寧;周晏禮;陳柏諺;郭志豪,,,P27;P31;P35;P37,none,setup,432,144,384
29,E29-S05,B04,2026-09-25,.內景 地檢署 接談室 日 #E29-S05#,L17,地檢署,DAY,C01;C16,宋以寧;承辦檢察官,,,P28;P27;P31;P35;P48,screen,setup,576,144,251
29,E29-S06,B04,2026-09-25,.內景 地檢署 接談室 日 #E29-S06#,L17,地檢署,DAY,C01;C16,宋以寧;承辦檢察官,,,P27;P35;P28,none,setup,720,144,372
29,E29-S07,B04,2026-09-25,.內景 地檢署 接談室 日 #E29-S07#,L17,地檢署,DAY,C01;C16,宋以寧;承辦檢察官,,,P28;P35,none,turn_15,864,144,260
29,E29-S08,B04,2026-09-25,.外景 地檢署 門口 日 #E29-S08#,L17,地檢署,DAY,C01;C07,宋以寧;郭志豪,,,P35;P04;P37,screen,setup,1008,144,220
29,E29-S09,B09,2026-09-25,.內景 宋記 後間 日 #E29-S09#,L03,宋記,DAY,C01;C03,宋以寧;宋美惠,,,P36;P33;P01;P11;P12;P13,none,setup,1152,144,308
29,E29-S10,B09,2026-09-25,.內景 阿鸝海產 二樓 日 #E29-S10#,L04,阿鸝海產,DAY,C01;C02;C05;C07,宋以寧;周晏禮;陳柏諺;郭志豪,,,P27;P35;P37,none,setup,1296,144,392
29,E29-S11,B09,2026-09-25,.外景 靖瀾宮 廟埕 日 #E29-S11#,L05,靖瀾宮廟埕,DAY,C05;C25;C43,陳柏諺;顏水木外甥;廟務人員,,遶境群眾;轎班,P31;P37;P43,crowd,setup,1440,144,221
29,E29-S12,B09,2026-09-25,.內景 阿鸝海產 後間 日 #E29-S12#,L04,阿鸝海產,DAY,C05;C06,陳柏諺;蔡書妍,,,P37;P35;P36,none,setup,1584,144,359
29,E29-S13,B09,2026-09-25,.內景 阿鸝海產 二樓 日 #E29-S13#,L04,阿鸝海產,DAY,C01;C02;C05;C07,宋以寧;周晏禮;陳柏諺;郭志豪,,,P31;P27;P37,none,turn_30,1728,144,249
29,E29-S14,B09,2026-09-25,.內景 宋記 門內 日 #E29-S14#,L03,宋記,DAY,C01;C03,宋以寧;宋美惠,,,P36;P33,none,setup,1872,144,217
29,E29-S15,B09,2026-09-25,.內景 阿鸝海產 後間 日 #E29-S15#,L04,阿鸝海產,DAY,C01;C04,宋以寧;陳秀鸝,,,P34;P36,none,setup,2016,144,242
29,E29-S16,B09,2026-09-25,.內景 阿鸝海產 二樓 日 #E29-S16#,L04,阿鸝海產,DAY,C02;C07,周晏禮;郭志豪,,,P08;P35;P37,none,setup,2160,144,217
29,E29-S17,B09,2026-09-25,.外景 宋記 門口至阿鸝海產後門 黃昏 #E29-S17#,L03,宋記,DUSK,C01;C03;C04,宋以寧;宋美惠;陳秀鸝,,,P36;P33;P04,none,setup,2304,144,126
29,E29-S18,B06,2026-09-25,.外景 防風林 外緣 黃昏 #E29-S18#,L24,防風林,DUSK,C01;C02,宋以寧;周晏禮,,,P04;P08;P35,none,setup,2448,144,317
29,E29-S19,B05,2026-09-25,.外景 防風林邊 消波塊 黃昏 #E29-S19#,L01,鹽澳漁港消波塊,DUSK,C01;C02,宋以寧;周晏禮,,,P08;P35;P04,water,climax_45,2592,144,138
29,E29-S20,B09,2026-09-25,.外景 阿鸝海產 後門 黃昏 #E29-S20#,L04,阿鸝海產,DUSK,C05;C06,陳柏諺;蔡書妍,,,P35;P37,none,setup,2736,144,233
29,E29-S21,B09,2026-09-25,.外景 靖瀾宮 側門外 黃昏 #E29-S21#,L06,靖瀾宮後殿,DUSK,C07;C01,郭志豪;宋以寧,C01,,P04;P37;P42,screen,setup,2880,144,214
29,E29-S22,B09,2026-09-25,.內景 阿鸝海產 後間 黃昏 #E29-S22#,L04,阿鸝海產,DUSK,C01;C03;C04;C06,宋以寧;宋美惠;陳秀鸝;蔡書妍,,,P34;P36;P37,none,setup,3024,144,167
29,E29-S23,B09,2026-09-25,.外景 靖瀾宮 廟埕 夜 #E29-S23#,L05,靖瀾宮廟埕,NIGHT,C01;C02;C05;C11;C13;C25,宋以寧;周晏禮;陳柏諺;顏水木;蔡承澔;顏水木外甥,,遶境群眾;轎班,P37;P43;P31,crowd,setup,3168,144,168
29,E29-S24,B09,2026-09-25,.外景 靖瀾宮廟埕 夜 #E29-S24#,L05,靖瀾宮廟埕,NIGHT,C11;C13;C05,顏水木;蔡承澔;陳柏諺,,遶境群眾;轎班,P43;P37,crowd,setup,3312,48,0
29,E29-S25,B09,2026-09-25,.外景 宋記後巷 夜 #E29-S25#,L03,宋記,NIGHT,,,,不明搬桶者甲;不明搬桶者乙,P40;P33,none,setup,3360,48,0
29,E29-S26,B09,2026-09-25,.內景 阿鸝海產後間 夜 #E29-S26#,L04,阿鸝海產,NIGHT,C03;C04,宋美惠;陳秀鸝,,,P36;P34,none,ending,3408,48,30
30,E30-S01,B09,2026-09-25,.內景 宋記 門內與後巷 夜 #E30-S01#,L03,宋記,NIGHT,C03;C01,宋美惠;宋以寧,C01,,P33;P40;P37,screen,cold_open,0,135,104
30,E30-S02,B09,2026-09-25,.外景 靖瀾宮 廟埕邊 夜 #E30-S02#,L05,靖瀾宮廟埕,NIGHT,C01;C02;C07,宋以寧;周晏禮;郭志豪,C07,遶境群眾,P04;P37;P35,crowd;screen,setup,135,135,347
30,E30-S03,B09,2026-09-25,.內景 阿鸝海產 後間 夜 #E30-S03#,L04,阿鸝海產,NIGHT,C04;C06,陳秀鸝;蔡書妍,C06,,P36;P34;P04,none,setup,270,135,280
30,E30-S04,B09,2026-09-25,.外景 鹽澳街區 轎班換手處 夜 #E30-S04#,L32,鹽澳街區,NIGHT,C05;C25,陳柏諺;顏水木外甥,,遶境群眾,P37;P43,crowd,setup,405,135,166
30,E30-S05,B09,2026-09-25,.外景 靖瀾宮 廟後巷外 夜 #E30-S05#,L06,靖瀾宮後殿,NIGHT,C05;C07,陳柏諺;郭志豪,C07,,P04;P37;P27,screen,setup,540,135,338
30,E30-S06,B09,2026-09-25,.內景 宋記 店內 夜 #E30-S06#,L03,宋記,NIGHT,C03,宋美惠,,,P33;P36;P37,none,setup,675,135,135
30,E30-S07,B09,2026-09-25,.內景 靖瀾宮 後殿 夜 #E30-S07#,L06,靖瀾宮後殿,NIGHT,C05,陳柏諺,,,P23;P24;P27;P43;P37,none,setup,810,135,96
30,E30-S08,B09,2026-09-25,.外景 遶境隊伍 港區街口 夜 #E30-S08#,L32,鹽澳街區,NIGHT,C25;C11,顏水木外甥;顏水木,,遶境群眾,P31;P37;P43,crowd;screen,turn_15,945,135,137
30,E30-S09,B09,2026-09-25,.外景 靖瀾宮 廟埕 夜 #E30-S09#,L05,靖瀾宮廟埕,NIGHT,C01;C16;C29;C30,宋以寧;承辦檢察官;調查官甲;調查官乙,,遶境群眾,P35;P04;P37,crowd,setup,1080,135,352
30,E30-S10,B09,2026-09-25,.內景 靖瀾宮 後殿走道 夜 #E30-S10#,L06,靖瀾宮後殿,NIGHT,C05,陳柏諺,,,P23;P24;P37;P04,screen,setup,1215,135,133
30,E30-S11,B09,2026-09-25,.內景 宋記 後巷與店內 夜 #E30-S11#,L03,宋記,NIGHT,C03,宋美惠,,,P33;P40;P37,fire;stunt,setup,1350,135,24
30,E30-S12,B09,2026-09-25,.內景 阿鸝海產 後間 夜 #E30-S12#,L04,阿鸝海產,NIGHT,C04,陳秀鸝,,,P36;P34;P04,none,setup,1485,135,83
30,E30-S13,B09,2026-09-25,.外景 宋記 街口 夜 #E30-S13#,L03,宋記,NIGHT,C04;C29,陳秀鸝;調查官甲,,遶境群眾;消防接線員,P04;P37,fire;crowd,setup,1620,135,171
30,E30-S14,B09,2026-09-25,.外景 靖瀾宮 廟埕 夜 #E30-S14#,L05,靖瀾宮廟埕,NIGHT,C01;C04;C16;C30,宋以寧;陳秀鸝;承辦檢察官;調查官乙,C04,遶境群眾,P04;P37,crowd;screen,turn_30,1755,135,325
30,E30-S15,B09,2026-09-25,.內景 宋記 前門與店內 夜 #E30-S15#,L03,宋記,NIGHT,C01;C03;C04;C29;C30,宋以寧;宋美惠;陳秀鸝;調查官甲;調查官乙,,,P33;P37;P40,fire;stunt,setup,1890,135,96
30,E30-S16,B09,2026-09-25,.外景 宋記 門外救護區 夜 #E30-S16#,L03,宋記,NIGHT,C01;C03;C04;C47;C29,宋以寧;宋美惠;陳秀鸝;醫護人員;調查官甲,,遶境群眾,P33;P37;P04,fire;medical;crowd,setup,2025,135,279
30,E30-S17,B09,2026-09-25,.內景 阿鸝海產 後門 夜 #E30-S17#,L04,阿鸝海產,NIGHT,C02;C01,周晏禮;宋以寧,C01,,P04;P37;P35,screen,setup,2160,135,243
30,E30-S18,B09,2026-09-25,.外景 靖瀾宮 前殿與廟埕 夜 #E30-S18#,L05,靖瀾宮廟埕,NIGHT,C05;C25,陳柏諺;顏水木外甥,,遶境群眾;追趕者甲;鎮民母親;鎮民小孩,P23;P24;P37,crowd,setup,2295,135,121
30,E30-S19,B09,2026-09-25,.外景 阿鸝海產 後門 夜 #E30-S19#,L04,阿鸝海產,NIGHT,C05;C02,陳柏諺;周晏禮,,,P23;P24;P37,stunt,setup,2430,135,337
30,E30-S20,B09,2026-09-25,.外景 鹽澳漁港碼頭 夜 #E30-S20#,L19,鹽澳漁港碼頭,NIGHT,C05;C07,陳柏諺;郭志豪,,救護接線員;追趕者甲;追趕者乙,P37;P42;P04,stunt;water;vehicle,setup,2565,135,172
30,E30-S21,B09,2026-09-25,.外景 靖瀾宮 廟埕 夜 #E30-S21#,L05,靖瀾宮廟埕,NIGHT,C02;C16;C30;C11;C13;C12;C14,周晏禮;承辦檢察官;調查官乙;顏水木;蔡承澔;杜可薇;鐘文吉,,遶境群眾,P23;P24;P37;P43;P35,crowd,climax_45,2700,160,248
30,E30-S22,B09,2026-09-25,.外景 靖瀾宮 轎前至廟門 夜 #E30-S22#,L05,靖瀾宮廟埕,NIGHT,C11;C14;C16;C29;C30;C13;C12,顏水木;鐘文吉;承辦檢察官;調查官甲;調查官乙;蔡承澔;杜可薇,,遶境群眾,P35;P37;P43,crowd,setup,2860,100,151
30,E30-S23,B09,2026-09-25,.外景 靖瀾宮 廟埕車旁 夜 #E30-S23#,L05,靖瀾宮廟埕,NIGHT,C01;C11;C16,宋以寧;顏水木;承辦檢察官,,遶境群眾;廟埕阿婆,P42;P37;P35,crowd;vehicle,setup,2960,100,220
30,E30-S24,B09,2026-09-25,.內景 縣城醫院 急診外與病房通道 夜 #E30-S24#,L18,縣城醫院,NIGHT,C01;C02;C07;C47;C06,宋以寧;周晏禮;郭志豪;醫護人員;蔡書妍,,,P37;P35;P04,medical,setup,3060,90,373
30,E30-S25,B09,2026-09-25,.內景 縣城醫院 燒傷病房 夜 #E30-S25#,L18,縣城醫院,NIGHT,C01;C04;C47,宋以寧;陳秀鸝;醫護人員,,,P37;P36,medical,setup,3150,100,311
30,E30-S26,B09,2026-09-25,.內景 縣城醫院 臨時會議室 夜 #E30-S26#,L18,縣城醫院,NIGHT,C01;C02;C16;C29;C30,宋以寧;周晏禮;承辦檢察官;調查官甲;調查官乙,,,P23;P24;P35;P45,none,setup,3250,100,242
30,E30-S27,B09,2026-09-25,.內景 縣城醫院 臨時會議室 夜 #E30-S27#,L18,縣城醫院,NIGHT,C01;C02;C16;C29,宋以寧;周晏禮;承辦檢察官;調查官甲,,,P23;P24;P35,none,setup,3350,110,388
30,E30-S28,B03,2026-09-26,.內景 鏗鏘新聞辦公室 清晨 #E30-S28#,L16,鏗鏘新聞辦公室,DAWN,C12;C01,杜可薇;宋以寧,C01,,P30;P31;P04,screen,ending,3460,100,168
31,E31-S01,B09,2026-09-26,.內景 靖瀾宮後殿篇序／廟埕早市 清晨 #E31-S01#,L06,靖瀾宮後殿,DAWN,C01,宋以寧,C01,新聞記者;攝影記者;鎮民,P43;P30;P31;P35,screen;crowd,cold_open,0,123,43
31,E31-S02,B09,2026-09-26,.內景 縣城醫院 急診外 日 #E31-S02#,L18,縣城醫院,DAY,C01;C07;C47,宋以寧;郭志豪;醫護人員,,,P37;P35;P04,medical,setup,123,123,245
31,E31-S03,B09,2026-09-26,.內景 縣城醫院 普通病房 日 #E31-S03#,L18,縣城醫院,DAY,C01;C03;C47,宋以寧;宋美惠;醫護人員,,,P33;P36;P37,medical,setup,246,123,217
31,E31-S04,B09,2026-09-26,.內景 縣城醫院 普通病房 日 #E31-S04#,L18,縣城醫院,DAY,C01;C03;C47,宋以寧;宋美惠;醫護人員,,,P35;P37;P36,medical,setup,369,123,313
31,E31-S05,B04,2026-09-26,.內景 地檢署 收狀視窗 日 #E31-S05#,L17,地檢署,DAY,C25;C16,顏水木外甥;承辦檢察官,,,P35;P45,none,setup,492,123,239
31,E31-S06,B06,2026-09-26,.外景 第二漁港市場廢墟 鐵門前 日 #E31-S06#,L02,第二漁港市場廢墟,DAY,C13;C34,蔡承澔;蔡助理,,新聞記者;攝影記者;鎮民,P31;P35;P43,crowd,setup,615,123,200
31,E31-S07,B09,2026-09-26,.外景 宋記 燒後門口 日 #E31-S07#,L03,宋記,DAY,C01;C07,宋以寧;郭志豪,,,P35;P37;P31,none,setup,738,123,215
31,E31-S08,B06,2026-09-26,.外景 第二漁港市場廢墟 鐵門前 日 #E31-S08#,L02,第二漁港市場廢墟,DAY,C13;C01;C34,蔡承澔;宋以寧;蔡助理,,新聞記者;攝影記者;鎮民,P31;P35,crowd;screen,turn_15,861,123,252
31,E31-S09,B06,2026-09-26,.外景 第二漁港市場廢墟 人群中 日 #E31-S09#,L02,第二漁港市場廢墟,DAY,C01;C13;C34,宋以寧;蔡承澔;蔡助理,,新聞記者;攝影記者;鎮民,P31;P37,crowd;screen,setup,984,123,147
31,E31-S10,B06,2026-09-26,.外景 第二漁港市場廢墟 外圍 日 #E31-S10#,L02,第二漁港市場廢墟,DAY,C01;C07,宋以寧;郭志豪,,,P04;P31,none,setup,1107,123,216
31,E31-S11,B09,2026-09-26,.內景 阿鸝海產 一樓 日 #E31-S11#,L04,阿鸝海產,DAY,C01;C07,宋以寧;郭志豪,,送貨員,P35;P36,none,setup,1230,123,540
31,E31-S12,B04,2026-09-26,.內景 地檢署 接談室 日 #E31-S12#,L17,地檢署,DAY,C01;C16,宋以寧;承辦檢察官,,,P35;P45,none,setup,1353,123,293
31,E31-S13,B09,2026-09-26,.內景 阿鸝海產 二樓 日 #E31-S13#,L04,阿鸝海產,DAY,C01;C08,宋以寧;許明達,C08,,P04;P35,screen,setup,1476,123,292
31,E31-S14,B03,2026-09-26,.內景 周晏禮縣城工作室 日 #E31-S14#,L11,周晏禮縣城工作室,DAY,C02,周晏禮,,,P09;P25;P23;P35;P08,screen,setup,1599,123,0
31,E31-S15,B04,2026-09-26,.內景 地檢署 走廊 日 #E31-S15#,L17,地檢署,DAY,C01;C16;C25,宋以寧;承辦檢察官;顏水木外甥,,,P35;P45,none,turn_30,1722,123,198
31,E31-S16,B04,2026-09-26,.外景 地檢署 門外 日 #E31-S16#,L17,地檢署,DAY,C01;C02;C07,宋以寧;周晏禮;郭志豪,C02,,P04;P25;P23;P35,screen,setup,1845,123,211
31,E31-S17,B09,2026-09-26,.外景 宋記 封鎖線外 日 #E31-S17#,L03,宋記,DAY,C01;C07,宋以寧;郭志豪,,,P35;P25;P23,none,setup,1968,123,223
31,E31-S18,B09,2026-09-26,.內景 縣城醫院 燒傷病房 日 #E31-S18#,L18,縣城醫院,DAY,C04;C07;C47,陳秀鸝;郭志豪;醫護人員,,,P35;P37;P36,medical,setup,2091,123,552
31,E31-S19,B09,2026-09-26,.內景 縣城醫院 病房外 日 #E31-S19#,L18,縣城醫院,DAY,C13;C34;C47,蔡承澔;蔡助理;醫護人員,,,P41;P37;P31,medical;screen,setup,2214,123,178
31,E31-S20,B09,2026-09-26,.內景 縣城醫院 加護病房外 日 #E31-S20#,L18,縣城醫院,DAY,C06;C05;C47,蔡書妍;陳柏諺;醫護人員,,,P37;P04,medical,setup,2337,123,84
31,E31-S21,B09,2026-09-26,.內景 縣城醫院 燒傷病房門口 日 #E31-S21#,L18,縣城醫院,DAY,C01;C13;C34;C47,宋以寧;蔡承澔;蔡助理;醫護人員,,,P41;P37;P31,medical,setup,2460,123,195
31,E31-S22,B09,2026-09-26,.內景 縣城醫院 燒傷病房 日 #E31-S22#,L18,縣城醫院,DAY,C04;C13;C01;C34;C47,陳秀鸝;蔡承澔;宋以寧;蔡助理;醫護人員,,,P41;P37;P31,medical;screen,climax_45,2583,123,206
31,E31-S23,B09,2026-09-26,.內景 縣城醫院 走廊轉角 日 #E31-S23#,L18,縣城醫院,DAY,C01;C13;C06;C05;C34,宋以寧;蔡承澔;蔡書妍;陳柏諺;蔡助理,,,P37;P31,medical;screen,setup,2706,123,116
31,E31-S24,B09,2026-09-26,.內景 縣城醫院 燒傷病房 黃昏 #E31-S24#,L18,縣城醫院,DUSK,C01;C04,宋以寧;陳秀鸝,,,P37;P36,medical,setup,2829,123,235
31,E31-S25,B09,2026-09-26,.內景 阿鸝海產 二樓 夜 #E31-S25#,L04,阿鸝海產,NIGHT,C01;C03,宋以寧;宋美惠,,,P36;P33;P37,none,setup,2952,123,267
31,E31-S26,B09,2026-09-26,.內景 阿鸝海產 二樓 夜 #E31-S26#,L04,阿鸝海產,NIGHT,C01;C03,宋以寧;宋美惠,,,P11;P12;P13;P01;P33;P36,none,setup,3075,123,116
31,E31-S27,B09,2026-09-26,.內景 阿鸝海產 樓梯口 夜 #E31-S27#,L04,阿鸝海產,NIGHT,C01;C07,宋以寧;郭志豪,,,P04;P35;P37,none,setup,3198,123,213
31,E31-S28,B09,2026-09-26,.外景 宋記 燒後鐵捲門前 夜 #E31-S28#,L03,宋記,NIGHT,C01;C12,宋以寧;杜可薇,,,P35;P37,none,ending,3321,123,10
32,E32-S01,B01,2026-09-27,.外景 宋記 燒黑櫃檯外側 清晨 #E32-S01#,L03,宋記,DAWN,C01;C12,宋以寧;杜可薇,,,P30;P35;P31,screen,cold_open,0,144,240
32,E32-S02,B01,2026-09-27,.外景 宋記 外側工作桌 日 #E32-S02#,L03,宋記,DAY,C01;C12,宋以寧;杜可薇,,,P30;P35;P31,screen,setup,144,144,236
32,E32-S03,B01,2026-09-27,.外景 宋記 外側工作桌 日 #E32-S03#,L03,宋記,DAY,C01;C12,宋以寧;杜可薇,,,P30;P35,screen,setup,288,144,252
32,E32-S04,B03,2026-09-27,.內景 鏗鏘新聞辦公室 日 #E32-S04#,L16,鏗鏘新聞辦公室,DAY,C12;C35,杜可薇;鏗鏘助理,,,P31;P30;P35,screen,setup,432,144,277
32,E32-S05,B06,2026-09-27,.內景 蔡宅 行李旁 日 #E32-S05#,L26,鹽澳蔡宅,DAY,C13;C06;C34,蔡承澔;蔡書妍;蔡助理,,,P42;P31;P36,none,setup,576,144,241
32,E32-S06,B01,2026-09-27,.外景 宋記 外側 黃昏 #E32-S06#,L03,宋記,DUSK,C01;C02;C12,宋以寧;周晏禮;杜可薇,,,P35;P30;P37,none,setup,720,144,176
32,E32-S07,B01,2026-09-27,.外景 宋記 外側工作桌 夜 #E32-S07#,L03,宋記,NIGHT,C01;C12,宋以寧;杜可薇,,,P35;P30,none,turn_15,864,144,396
32,E32-S08,B01,2026-09-27,.外景 宋記 外側工作桌 夜 #E32-S08#,L03,宋記,NIGHT,C01;C12,宋以寧;杜可薇,,,P35;P30;P31,none,setup,1008,144,422
32,E32-S09,B04,2026-09-28,.外景 地檢署 門口 日 #E32-S09#,L17,地檢署,DAY,C12;C16,杜可薇;承辦檢察官,,,P35;P30,none,setup,1152,144,237
32,E32-S10,B03,2026-09-28,.內景 鏗鏘新聞辦公室 日 #E32-S10#,L16,鏗鏘新聞辦公室,DAY,C12;C35,杜可薇;鏗鏘助理,,,P30;P31;P35,screen,setup,1296,144,394
32,E32-S11,B01,2026-09-28,.內景 阿鸝海產 二樓 日 #E32-S11#,L04,阿鸝海產,DAY,C01;C08,宋以寧;許明達,C08,,P04;P35,screen,setup,1440,144,260
32,E32-S12,B06,2026-09-28,.內景 蔡宅 臺北老家短片拍攝 日 #E32-S12#,L41,臺北蔡家,DAY,C13;C06;C34,蔡承澔;蔡書妍;蔡助理,,,P31;P36,screen,setup,1584,144,227
32,E32-S13,B03,2026-09-28,.內景 鏗鏘新聞辦公室 會議區 日 #E32-S13#,L16,鏗鏘新聞辦公室,DAY,C09;C12;C35,黃添財;杜可薇;鏗鏘助理,,董事甲;董事乙;會議記錄員,P35;P31,none,turn_30,1728,144,381
32,E32-S14,B03,2026-09-28,.內景 鏗鏘新聞 伺服器門外 日 #E32-S14#,L16,鏗鏘新聞辦公室,DAY,C12;C35;C09,杜可薇;鏗鏘助理;黃添財,,機房管理員,P31;P35,screen,setup,1872,144,246
32,E32-S15,B01,2026-09-28,.內景 阿鸝海產 一樓至二樓 黃昏 #E32-S15#,L04,阿鸝海產,DUSK,C01;C03,宋以寧;宋美惠,,食客甲;食客乙,P31;P36;P11;P12;P13,screen,setup,2016,144,290
32,E32-S16,B06,2026-09-28,.內景 車內 阿鸝門外 夜 #E32-S16#,L33,車內,NIGHT,C01;C07,宋以寧;郭志豪,,,P04;P42;P37,vehicle;screen,setup,2160,144,250
32,E32-S17,B04,2026-09-30,.內景 地檢署 外候談區 日 #E32-S17#,L17,地檢署,DAY,C12;C01,杜可薇;宋以寧,,杜委任律師;偵訊書記人員,P30;P35,none,setup,2304,144,245
32,E32-S18,B06,2026-09-30,.內景 車內 地檢署外 日 #E32-S18#,L33,車內,DAY,C01;C07,宋以寧;郭志豪,,,P42;P04;P35,vehicle,setup,2448,144,204
32,E32-S19,B04,2026-09-30,.內景 地檢署 偵訊室 日 #E32-S19#,L17,地檢署,DAY,C12;C16,杜可薇;承辦檢察官,,杜委任律師;偵訊書記人員,P30;P35,none,climax_45,2592,144,410
32,E32-S20,B04,2026-09-30,.內景 地檢署 偵訊室 日 #E32-S20#,L17,地檢署,DAY,C12;C16,杜可薇;承辦檢察官,,杜委任律師;偵訊書記人員,P30;P35;P45,none,setup,2736,144,397
32,E32-S21,B03,2026-09-30,.內景 鏗鏘新聞 出版備份工作區 夜 #E32-S21#,L16,鏗鏘新聞辦公室,NIGHT,C35;C12,鏗鏘助理;杜可薇,C12,,P31;P30;P35,screen,setup,2880,144,241
32,E32-S22,B01,2026-09-30,.外景 宋記 燒黑櫃檯外 夜 #E32-S22#,L03,宋記,NIGHT,C01;C12;C02,宋以寧;杜可薇;周晏禮,,,P30;P31;P37,screen,setup,3024,144,0
32,E32-S23,B03,2026-09-30,.內景 周晏禮縣城工作室 夜 #E32-S23#,L11,周晏禮縣城工作室,NIGHT,C02,周晏禮,,,P09;P23;P35;P31,screen,setup,3168,144,0
32,E32-S24,B01,2026-09-30,.外景 宋記 騎樓外 夜 #E32-S24#,L03,宋記,NIGHT,C02;C01;C12,周晏禮;宋以寧;杜可薇,,,P35;P31;P23,screen,ending,3312,144,130
33,E33-S01,B01,2026-10-12,.外景 宋記騎樓監視器畫面 凌晨 #E33-S01#,L03,宋記,DAWN,,,,雨衣人,P38;P41;P42;P36,vehicle;screen,cold_open,0,150,0
33,E33-S02,B01,2026-10-12,.外景 宋記騎樓 上午 #E33-S02#,L03,宋記,DAY,C01;C07,宋以寧;郭志豪,,,P38;P42;P37;P35,screen,setup,150,140,379
33,E33-S03,B06,2026-10-12,.內景 停在宋記旁的車內 上午 #E33-S03#,L33,車內,DAY,C01;C12,宋以寧;杜可薇,C12,,P04;P31;P35,screen,setup,290,145,229
33,E33-S04,B04,2026-10-12,.內景 醫院過渡病室 上午 #E33-S04#,L18,縣城醫院,DAY,C01;C05;C47,宋以寧;陳柏諺;醫護人員,,,P37;P36,medical,setup,435,150,366
33,E33-S05,B04,2026-10-12,.內景 地檢署候訊室 上午 #E33-S05#,L17,地檢署,DAY,C02,周晏禮,,值庭人員,P35,none,setup,585,140,205
33,E33-S06,B04,2026-10-12,.內景 地檢署偵訊室 上午 #E33-S06#,L17,地檢署,DAY,C02;C16,周晏禮;承辦檢察官,,紀錄人員,P35;P25,none,setup,725,155,354
33,E33-S07,B04,2026-10-12,.內景 地檢署偵訊室 上午 #E33-S07#,L17,地檢署,DAY,C02;C16,周晏禮;承辦檢察官,,紀錄人員,P35,none,turn_15,880,145,200
33,E33-S08,B04,2026-10-12,.外景 地檢署階梯 中午 #E33-S08#,L17,地檢署,DAY,C02;C01,周晏禮;宋以寧,C01,,P04;P35,none,setup,1025,140,364
33,E33-S09,B01,2026-10-12,.內景 阿鸝海產二樓 中午 #E33-S09#,L04,阿鸝海產,DAY,C01;C03,宋以寧;宋美惠,,,P36;P35,none,setup,1165,140,176
33,E33-S10,B06,2026-10-12,.內景 前往縣城車內 下午 #E33-S10#,L33,車內,DAY,C01;C07,宋以寧;郭志豪,C07,,P04;P35;P42,vehicle,setup,1305,145,403
33,E33-S11,B03,2026-10-12,.內景 周晏禮工作室 下午 #E33-S11#,L11,周晏禮縣城工作室,DAY,C02,周晏禮,,阿鸝海產店員（電話聲音）,P09;P08;P35;P36,none,setup,1450,150,173
33,E33-S12,B03,2026-10-12,.外景 周晏禮工作室門口 下午 #E33-S12#,L11,周晏禮縣城工作室,DAY,C01;C02,宋以寧;周晏禮,,,P08;P09;P35,none,setup,1600,150,392
33,E33-S13,B03,2026-10-12,.內景 周晏禮工作室 下午 #E33-S13#,L11,周晏禮縣城工作室,DAY,C01;C02,宋以寧;周晏禮,,,P08;P09;P35,none,turn_30,1750,145,240
33,E33-S14,B03,2026-10-12,.內景 周晏禮工作室文件桌 下午 #E33-S14#,L11,周晏禮縣城工作室,DAY,C01;C02,宋以寧;周晏禮,,,P08;P09;P02;P36,none,setup,1895,150,358
33,E33-S15,B06,2026-10-12,.內景 縣城停車格車內 下午 #E33-S15#,L33,車內,DAY,C01;C12,宋以寧;杜可薇,C12,,P04;P35;P42,screen,setup,2045,140,200
33,E33-S16,B06,2026-10-12,.外景 鹽澳街區停車格 黃昏 #E33-S16#,L32,鹽澳街區,DUSK,C01;C15,宋以寧;分局副手,,員警甲;員警乙,P45;P42;P35,vehicle,setup,2185,145,356
33,E33-S17,B06,2026-10-12,.外景 以寧車後 黃昏 #E33-S17#,L32,鹽澳街區,DUSK,C01;C15,宋以寧;分局副手,,員警甲;員警乙,P45;P41;P42;P35,vehicle,setup,2330,150,172
33,E33-S18,B04,2026-10-12,.內景 鹽澳分局詢問室 黃昏 #E33-S18#,L08,鹽澳分局,DUSK,C01;C15;C16,宋以寧;分局副手;承辦檢察官,,紀錄人員,P35;P45;P41,none,setup,2480,145,247
33,E33-S19,B04,2026-10-12,.內景 鹽澳分局會議室 黃昏 #E33-S19#,L08,鹽澳分局,DUSK,C01;C07;C15;C16,宋以寧;郭志豪;分局副手;承辦檢察官,,紀錄人員,P38;P31;P35;P37,screen,climax_45,2625,155,410
33,E33-S20,B04,2026-10-12,.內景 鹽澳分局門廳 夜 #E33-S20#,L08,鹽澳分局,NIGHT,C01;C16;C07;C40,宋以寧;承辦檢察官;郭志豪;分局承辦,,,P35;P45;P38,none,setup,2780,130,201
33,E33-S21,B06,2026-10-12,.外景 分局對街騎樓 夜 #E33-S21#,L32,鹽澳街區,NIGHT,C01;C07,宋以寧;郭志豪,,,P37;P36,none,setup,2910,145,194
33,E33-S22,B01,2026-10-12,.內景 阿鸝海產空桌區 夜 #E33-S22#,L04,阿鸝海產,NIGHT,C01;C07,宋以寧;郭志豪,,,P31;P35,screen,setup,3055,140,204
33,E33-S23,B04,2026-10-12,.內景 醫院病室 夜 #E33-S23#,L18,縣城醫院,NIGHT,C01;C05,宋以寧;陳柏諺,,,P31;P35;P37,medical;screen,setup,3195,130,213
33,E33-S24,B01,2026-10-12,.內景 宋記半毀店面 夜 #E33-S24#,L03,宋記,NIGHT,C01,宋以寧,,,P19;P02,none,ending,3325,115,0
34,E34-S01,B04,2026-10-15,.內景 縣城郵局 上午 #E34-S01#,L40,縣城郵局,DAY,C21,林妻,,郵務人員,P32;P35,none,cold_open,0,160,158
34,E34-S02,B01,2026-10-15,.內景 宋記臨時工作桌 上午 #E34-S02#,L03,宋記,DAY,C01;C07,宋以寧;郭志豪,,,P19;P08;P02;P35,none,setup,160,145,378
34,E34-S03,B01,2026-10-15,.內景 宋記工作桌旁 上午 #E34-S03#,L03,宋記,DAY,C01;C07;C21,宋以寧;郭志豪;林妻,C21,,P04;P19,none,setup,305,140,218
34,E34-S04,B01,2026-10-15,.內景 阿鸝海產二樓 上午 #E34-S04#,L04,阿鸝海產,DAY,C01;C03,宋以寧;宋美惠,,,P11;P12;P13;P01;P36,none,setup,445,150,179
34,E34-S05,B06,2026-10-15,.內景 林家客廳 上午 #E34-S05#,L25,林家,DAY,C01;C07;C21,宋以寧;郭志豪;林妻,,,P19;P35;P36,none,setup,595,140,400
34,E34-S06,B06,2026-10-15,.內景 林家客廳 上午 #E34-S06#,L25,林家,DAY,C01;C07;C21,宋以寧;郭志豪;林妻,,,P19;P35,none,setup,735,155,237
34,E34-S07,B06,2026-10-15,.內景 林家客廳 上午 #E34-S07#,L25,林家,DAY,C01;C21;C07,宋以寧;林妻;郭志豪,,,P19;P35,none,turn_15,890,145,203
34,E34-S08,B06,2026-10-15,.外景 林家門廊 上午 #E34-S08#,L25,林家,DAY,C01;C07;C21,宋以寧;郭志豪;林妻,,,P35;P19,none,setup,1035,140,399
34,E34-S09,B04,2026-10-15,.內景 地檢署偵訊室 中午 #E34-S09#,L17,地檢署,DAY,C01;C21;C16,宋以寧;林妻;承辦檢察官,,紀錄人員,P19;P35,none,setup,1175,140,409
34,E34-S10,B04,2026-10-15,.內景 地檢署借提偵訊室 下午 #E34-S10#,L17,地檢署,DAY,C14;C16,鐘文吉;承辦檢察官,,戒護人員;紀錄人員,P35;P48;P05;P43,none,setup,1315,110,163
34,E34-S11,B04,2026-10-15,.內景 地檢署走廊 下午 #E34-S11#,L17,地檢署,DAY,C01;C14;C16,宋以寧;鐘文吉;承辦檢察官,,戒護人員,P35;P19;P48,none,setup,1425,150,215
34,E34-S12,B04,2026-10-15,.外景 地檢署門外 下午 #E34-S12#,L17,地檢署,DAY,C01;C12,宋以寧;杜可薇,C12,,P04;P19;P31,screen,setup,1575,150,186
34,E34-S13,B01,2026-10-15,.內景 阿鸝海產二樓走廊 下午 #E34-S13#,L04,阿鸝海產,DAY,C03;C01,宋美惠;宋以寧,C01,鄰居,P11;P12;P31;P36,screen,turn_30,1725,180,213
34,E34-S14,B06,2026-10-15,.內景 蔡承澔服務處 下午 #E34-S14#,L27,蔡承澔服務處,DAY,C13;C25;C34,蔡承澔;顏水木外甥;蔡助理,,,P31;P11;P12,screen,setup,1905,145,367
34,E34-S15,B06,2026-10-15,.內景 縣城路邊停車的車內 下午 #E34-S15#,L33,車內,DAY,C01;C03,宋以寧;宋美惠,C03,,P04;P42,none,setup,2050,140,217
34,E34-S16,B06,2026-10-15,.內景 縣城路邊車內 下午 #E34-S16#,L33,車內,DAY,C01;C08,宋以寧;許明達,C08,,P04;P35,none,setup,2190,145,266
34,E34-S17,B06,2026-10-15,.外景 縣城車站前 下午 #E34-S17#,L32,鹽澳街區,DAY,C01;C07,宋以寧;郭志豪,,,P31;P35;P42,vehicle,setup,2335,150,209
34,E34-S18,B03,2026-10-15,.外景 臺北律所樓下騎樓 傍晚 #E34-S18#,L28,臺北律所,DUSK,C01;C06,宋以寧;蔡書妍,,,P21;P35;P31,none,setup,2485,145,230
34,E34-S19,B03,2026-10-15,.外景 律所騎樓文件檯 傍晚 #E34-S19#,L28,臺北律所,DUSK,C01;C06,宋以寧;蔡書妍,,,P21;P20,none,climax_45,2630,155,219
34,E34-S20,B03,2026-10-15,.外景 律所騎樓柱邊 傍晚 #E34-S20#,L28,臺北律所,DUSK,C01;C06,宋以寧;蔡書妍,,,P21;P35,none,setup,2785,145,433
34,E34-S21,B03,2026-10-15,.外景 律所側門 夜 #E34-S21#,L28,臺北律所,NIGHT,C01;C06,宋以寧;蔡書妍,,,P21;P31,none,setup,2930,145,188
34,E34-S22,B06,2026-10-15,.內景 返回縣城的車內 夜 #E34-S22#,L33,車內,NIGHT,C01;C12,宋以寧;杜可薇,C12,,P21;P04;P42,vehicle,setup,3075,130,189
34,E34-S23,B04,2026-10-15,.內景 地檢署承辦辦公室 夜 #E34-S23#,L17,地檢署,NIGHT,C01;C16,宋以寧;承辦檢察官,,紀錄人員,P21;P22;P35,none,setup,3205,155,356
34,E34-S24,B04,2026-10-15,.外景 地檢署門外 夜 #E34-S24#,L17,地檢署,NIGHT,C01,宋以寧,,,P04;P35,screen,ending,3360,115,0
35,E35-S01,B08,2013-12,.外景 二〇一三年省道行車紀錄畫面 夜 #E35-S01#,L38,2013道路,NIGHT,C18,宋建國,C18,宋建國手部替身,P32;P42,period;vehicle;screen,cold_open,0,75,0
35,E35-S02,B01,2026-10-17,.內景 阿鸝海產二樓 上午 #E35-S02#,L04,阿鸝海產,DAY,C01;C07,宋以寧;郭志豪,,,P32;P35;P31,screen,setup,75,150,397
35,E35-S03,B06,2026-10-17,.內景 林家客廳 上午 #E35-S03#,L25,林家,DAY,C01;C07;C21,宋以寧;郭志豪;林妻,,,P32;P35,none,setup,225,150,399
35,E35-S04,B06,2026-10-17,.外景 林家門廊 上午 #E35-S04#,L25,林家,DAY,C01;C21;C07,宋以寧;林妻;郭志豪,,,P32;P35,none,setup,375,155,255
35,E35-S05,B06,2026-10-17,.內景 前往船主之子住處的車內 上午 #E35-S05#,L33,車內,DAY,C01;C07,宋以寧;郭志豪,,,P32;P47;P42,vehicle,setup,530,150,369
35,E35-S06,B05,2026-10-17,.內景 船主之子住處門廳 上午 #E35-S06#,L35,船主之子住處,DAY,C01;C07;C22,宋以寧;郭志豪;仲介,,,P47;P35,none,setup,680,150,385
35,E35-S07,B05,2026-10-17,.內景 船主之子住處門口 上午 #E35-S07#,L35,船主之子住處,DAY,C01;C07;C22,宋以寧;郭志豪;仲介,,,P47;P35,none,turn_15,830,155,209
35,E35-S08,B05,2026-10-17,.外景 船主之子住處門前 中午 #E35-S08#,L35,船主之子住處,DAY,C01;C07;C22,宋以寧;郭志豪;仲介,,,P35;P47,none,setup,985,150,389
35,E35-S09,B06,2026-10-17,.內景 停在船主家外的車內 中午 #E35-S09#,L33,車內,DAY,C01;C07,宋以寧;郭志豪,,,P04;P32;P42,none,setup,1135,140,372
35,E35-S10,B01,2026-10-17,.內景 阿鸝海產二樓 中午 #E35-S10#,L04,阿鸝海產,DAY,C01;C03,宋以寧;宋美惠,,,P36;P32,none,setup,1275,145,286
35,E35-S11,B03,2026-10-17,.內景 周晏禮縣城工作室 中午 #E35-S11#,L11,周晏禮縣城工作室,DAY,C02,周晏禮,,,P09;P31,screen,setup,1420,10,0
35,E35-S12,B06,2026-10-17,.外景 宋家墓地 下午 #E35-S12#,L23,宋家墓地,DAY,C01;C03,宋以寧;宋美惠,,,P36;P37,none,setup,1430,155,146
35,E35-S13,B06,2026-10-17,.外景 宋建國墓前 下午 #E35-S13#,L23,宋家墓地,DAY,C01;C03,宋以寧;宋美惠,,,P36;P47,none,turn_30,1585,165,368
35,E35-S14,B06,2026-10-17,.外景 墓地樹蔭 下午 #E35-S14#,L23,宋家墓地,DAY,C01;C03,宋以寧;宋美惠,,,P36;P47,none,setup,1750,150,408
35,E35-S15,B06,2026-10-17,.外景 墓地石階 下午 #E35-S15#,L23,宋家墓地,DAY,C01;C03,宋以寧;宋美惠,,,P36,none,setup,1900,155,333
35,E35-S16,B06,2026-10-17,.外景 阿鸝海產門口 下午 #E35-S16#,L32,鹽澳街區,DAY,C01;C07,宋以寧;郭志豪,C07,,P04;P32;P35,none,setup,2055,150,370
35,E35-S17,B01,2026-10-17,.內景 阿鸝海產二樓 下午 #E35-S17#,L04,阿鸝海產,DAY,C01;C03,宋以寧;宋美惠,,,P32;P31;P36,screen,setup,2205,145,277
35,E35-S18,B01,2026-10-17,.內景 阿鸝海產二樓播放畫面前 下午 #E35-S18#,L04,阿鸝海產,DAY,C01;C03,宋以寧;宋美惠,,,P32;P31,screen,setup,2350,150,244
35,E35-S19,B08,2013-12,.外景 二〇一三年行車紀錄完整片段 夜 #E35-S19#,L38,2013道路,NIGHT,C18,宋建國,C18,宋建國手部替身,P32;P42,period;vehicle;screen,climax_45,2500,280,2
35,E35-S20,B01,2026-10-17,.內景 阿鸝海產二樓 黃昏 #E35-S20#,L04,阿鸝海產,DUSK,C01;C03,宋以寧;宋美惠,,,P32;P31;P36,screen,setup,2780,160,372
35,E35-S21,B01,2026-10-17,.外景 阿鸝海產後門 黃昏 #E35-S21#,L04,阿鸝海產,DUSK,C01;C12,宋以寧;杜可薇,C12,,P04;P32,none,setup,2940,140,384
35,E35-S22,B04,2026-10-17,.內景 地檢署收件室 黃昏 #E35-S22#,L17,地檢署,DUSK,C01;C03;C07;C16,宋以寧;宋美惠;郭志豪;承辦檢察官,,,P32;P35,none,setup,3080,130,179
35,E35-S23,B06,2026-10-17,.外景 宋家墓地入口 黃昏 #E35-S23#,L23,宋家墓地,DUSK,C01;C03,宋以寧;宋美惠,,,P36;P42,vehicle,setup,3210,130,121
35,E35-S24,B06,2026-10-17,.外景 宋建國墓前至下山路 黃昏 #E35-S24#,L23,宋家墓地,DUSK,C01;C03;C13,宋以寧;宋美惠;蔡承澔,,,P36;P42,none,ending,3340,115,11
36,E36-S01,B02,2026-10-18,.內景 靖瀾宮後殿 下午 #E36-S01#,L06,靖瀾宮後殿,DAY,C01;C13,宋以寧;蔡承澔,,,P04;P29;P43;P45,screen,cold_open,0,170,377
36,E36-S02,B02,2026-10-18,.內景 靖瀾宮後殿圓桌 下午 #E36-S02#,L06,靖瀾宮後殿,DAY,C01;C13,宋以寧;蔡承澔,,,P29;P04;P43;P35,screen,setup,170,145,434
36,E36-S03,B02,2026-10-18,.內景 靖瀾宮後殿 下午 #E36-S03#,L06,靖瀾宮後殿,DAY,C01;C13,宋以寧;蔡承澔,,,P29;P04;P43;P35,none,setup,315,145,428
36,E36-S04,B10,2026-10-18,.內景 鎮公所禮堂報到桌 下午 #E36-S04#,L09,鎮公所禮堂,DAY,C06;C34;C44,蔡書妍;蔡助理;鎮公所主持,,,P35;P31,crowd,setup,460,150,370
36,E36-S05,B02,2026-10-18,.內景 靖瀾宮後殿 下午 #E36-S05#,L06,靖瀾宮後殿,DAY,C01;C13,宋以寧;蔡承澔,,,P29;P04;P43,none,setup,610,140,417
36,E36-S06,B10,2026-10-18,.內景 鎮公所禮堂 下午 #E36-S06#,L09,鎮公所禮堂,DAY,C12;C07;C16;C44,杜可薇;郭志豪;承辦檢察官;鎮公所主持,,紀錄人員,P31;P35;P37,crowd;screen,setup,750,155,358
36,E36-S07,B02,2026-10-18,.內景 靖瀾宮後殿門口 下午 #E36-S07#,L06,靖瀾宮後殿,DAY,C01;C13,宋以寧;蔡承澔,,,P29;P04;P43,none,turn_15,905,145,175
36,E36-S08,B04,2026-10-18,.外景 鎮公所禮堂側門 下午 #E36-S08#,L09,鎮公所禮堂,DAY,C01;C06;C07,宋以寧;蔡書妍;郭志豪,,,P04;P29;P35;P37,none,setup,1050,140,371
36,E36-S09,B10,2026-10-18,.內景 鎮公所禮堂 下午 #E36-S09#,L09,鎮公所禮堂,DAY,C13;C44;C06;C01;C16;C51,蔡承澔;鎮公所主持;蔡書妍;宋以寧;承辦檢察官;群眾,,群眾甲,P35;P31;P43,crowd;screen,setup,1190,140,208
36,E36-S10,B04,2026-10-18,.內景 醫院普通病房 下午 #E36-S10#,L18,縣城醫院,DAY,C05;C47,陳柏諺;醫護人員,,,P31;P37,medical;screen,setup,1330,145,164
36,E36-S11,B10,2026-10-18,.內景 鎮公所禮堂發言席 下午 #E36-S11#,L09,鎮公所禮堂,DAY,C06;C44;C13;C01;C51;C34,蔡書妍;鎮公所主持;蔡承澔;宋以寧;群眾;蔡助理,,群眾乙,P35;P21;P22;P31,crowd;screen,setup,1475,150,365
36,E36-S12,B10,2026-10-18,.內景 鎮公所禮堂發言席 下午 #E36-S12#,L09,鎮公所禮堂,DAY,C06;C13;C01;C44;C51,蔡書妍;蔡承澔;宋以寧;鎮公所主持;群眾,,,P21;P22;P35,crowd,setup,1625,150,374
36,E36-S13,B10,2026-10-18,.內景 鎮公所禮堂 下午 #E36-S13#,L09,鎮公所禮堂,DAY,C06;C13;C01;C44;C51,蔡書妍;蔡承澔;宋以寧;鎮公所主持;群眾,,群眾丙,P35;P31,crowd;screen,turn_30,1775,145,180
36,E36-S14,B10,2026-10-18,.內景 鎮公所禮堂座位區 下午 #E36-S14#,L09,鎮公所禮堂,DAY,C06;C01;C13;C44,蔡書妍;宋以寧;蔡承澔;鎮公所主持,,,P35;P36,crowd,setup,1920,150,341
36,E36-S15,B04,2026-10-18,.內景 醫院普通病房 下午 #E36-S15#,L18,縣城醫院,DAY,C05;C47,陳柏諺;醫護人員,,,P31;P37,medical;screen,setup,2070,140,181
36,E36-S16,B04,2026-10-18,.外景 禮堂側廊 下午 #E36-S16#,L09,鎮公所禮堂,DAY,C01;C12;C07,宋以寧;杜可薇;郭志豪,,,P06;P04;P35,none,setup,2210,145,217
36,E36-S17,B10,2026-10-18,.內景 鎮公所禮堂 下午近黃昏 #E36-S17#,L09,鎮公所禮堂,DUSK,C01;C44;C13;C42;C51,宋以寧;鎮公所主持;蔡承澔;港邊老漁民;群眾,,群眾甲,P06;P35,crowd,setup,2355,150,165
36,E36-S18,B10,2026-10-18,.內景 禮堂發言席 黃昏 #E36-S18#,L09,鎮公所禮堂,DUSK,C01;C44;C13;C42;C51,宋以寧;鎮公所主持;蔡承澔;港邊老漁民;群眾,,,P06;P35,crowd,setup,2505,145,188
36,E36-S19,B10,2026-10-18,.內景 禮堂觀眾席至發言席 黃昏 #E36-S19#,L09,鎮公所禮堂,DUSK,C01;C42;C16;C13;C44;C51,宋以寧;港邊老漁民;承辦檢察官;蔡承澔;鎮公所主持;群眾,,群眾丁;群眾戊;紀錄人員,P35;P36,crowd,climax_45,2650,155,216
36,E36-S20,B10,2026-10-18,.內景 禮堂後排 黃昏 #E36-S20#,L09,鎮公所禮堂,DUSK,C01;C42;C16;C44;C51,宋以寧;港邊老漁民;承辦檢察官;鎮公所主持;群眾,,群眾丁;群眾戊;紀錄人員,P35,crowd,setup,2805,145,189
36,E36-S21,B04,2026-10-18,.外景 禮堂門口 黃昏 #E36-S21#,L09,鎮公所禮堂,DUSK,C01;C03;C06,宋以寧;宋美惠;蔡書妍,,,P35;P36,none,setup,2950,140,157
36,E36-S22,B06,2026-10-18,.外景 鎮公所對街騎樓 夜 #E36-S22#,L32,鹽澳街區,NIGHT,C01;C12;C07,宋以寧;杜可薇;郭志豪,,,P31;P04;P29;P37,screen,setup,3090,140,188
36,E36-S23,B01,2026-10-18,.外景 宋記巷口 夜 #E36-S23#,L03,宋記,NIGHT,C01;C03,宋以寧;宋美惠,,,P36;P37,none,setup,3230,130,116
36,E36-S24,B01,2026-10-18,.內景 宋記門口 夜 #E36-S24#,L03,宋記,NIGHT,C01;C03,宋以寧;宋美惠,,,P36,none,ending,3360,115,0
37,E37-S01,B06,2026-10-29,.內景 郭志豪停車車內 清晨 #E37-S01#,L33,車內,DAWN,C01;C07;C15,宋以寧;郭志豪;分局副手,C01,,P31;P42;P37,vehicle;screen,cold_open,0,150,259
37,E37-S02,B01,2026-10-29,.內景 阿鸝海產二樓 清晨 #E37-S02#,L04,阿鸝海產,DAWN,C01;C03,宋以寧;宋美惠,,,P04;P31;P36,none,setup,150,150,217
37,E37-S03,B03,2026-10-29,.內景 周晏禮縣城工作室 早晨 #E37-S03#,L11,周晏禮縣城工作室,DAY,C02,周晏禮,,救濟案件承辦,P09;P35;P31,none,setup,300,150,198
37,E37-S04,B06,2026-10-29,.內外景 郭志豪停車車內 早晨 #E37-S04#,L33,車內,DAY,C01;C07,宋以寧;郭志豪,,,P31;P35;P37;P42,vehicle;screen,setup,450,150,255
37,E37-S05,B04,2026-10-29,.內景 縣城醫院普通病房 早晨 #E37-S05#,L18,縣城醫院,DAY,C01;C05,宋以寧;陳柏諺,,,P37;P31;P36,medical,setup,600,150,276
37,E37-S06,B01,2026-10-29,.內景 阿鸝海產二樓 日 #E37-S06#,L04,阿鸝海產,DAY,C01;C03,宋以寧;宋美惠,,,P35;P31,none,setup,750,150,183
37,E37-S07,B01,2026-10-29,.內景 阿鸝海產二樓 日 #E37-S07#,L04,阿鸝海產,DAY,C01;C07,宋以寧;郭志豪,C07,,P35;P31;P02,screen,turn_15,900,180,392
37,E37-S08,B04,2026-10-29,.內景 地檢署等候區 日 #E37-S08#,L17,地檢署,DAY,C01;C12,宋以寧;杜可薇,,,P35;P31,none,setup,1080,180,235
37,E37-S09,B04,2026-10-29,.內景 地檢署詢問室 日 #E37-S09#,L17,地檢署,DAY,C01;C16,宋以寧;承辦檢察官,,,P35;P31,none,setup,1260,180,263
37,E37-S10,B06,2026-10-29,.外景 維運基地圍籬外 日 #E37-S10#,L29,維運基地工務所,DAY,C07;C15,郭志豪;分局副手,,分局警員,P31;P42;P37;P35,vehicle,setup,1440,180,237
37,E37-S11,B01,2026-10-29,.外景 宋記側門 日 #E37-S11#,L03,宋記,DAY,C01;C03;C07,宋以寧;宋美惠;郭志豪,C07,,P04;P35,none,setup,1620,180,216
37,E37-S12,B04,2026-10-29,.內景 鹽澳分局偵訊室 日 #E37-S12#,L08,鹽澳分局,DAY,C07;C15,郭志豪;分局副手,,分局警員,P31;P35;P37;P45,none,turn_30,1800,160,318
37,E37-S13,B04,2026-10-29,.內景 地檢署服務臺 午後 #E37-S13#,L17,地檢署,DAY,C02,周晏禮,,服務臺人員,P35,none,setup,1960,160,373
37,E37-S14,B04,2026-10-29,.內景 地檢署走廊 午後 #E37-S14#,L17,地檢署,DAY,C01;C02;C16,宋以寧;周晏禮;承辦檢察官,,檢察官助理,P35;P31,none,setup,2120,160,179
37,E37-S15,B04,2026-10-29,.內景 地檢署詢問室 午後 #E37-S15#,L17,地檢署,DAY,C02;C16,周晏禮;承辦檢察官,,,P35,none,setup,2280,160,416
37,E37-S16,B04,2026-10-29,.內景 地檢署辦公區 傍晚 #E37-S16#,L17,地檢署,DUSK,C16;C29;C30,承辦檢察官;調查官甲;調查官乙,,,P45;P35,none,setup,2440,160,237
37,E37-S17,B06,2026-10-29,.外景 維運基地圍籬外 傍晚 #E37-S17#,L29,維運基地工務所,DUSK,C01;C16;C29;C31,宋以寧;承辦檢察官;調查官甲;工頭,,,P45,none,setup,2600,100,205
37,E37-S18,B06,2026-10-29,.內景 維運基地工務所 傍晚 #E37-S18#,L29,維運基地工務所,DUSK,C15;C16;C29;C30,分局副手;承辦檢察官;調查官甲;調查官乙,,,P26;P41;P45,none,climax_45,2700,190,199
37,E37-S19,B06,2026-10-29,.外景 維運基地圍籬外 傍晚 #E37-S19#,L29,維運基地工務所,DUSK,C01;C15;C16;C29,宋以寧;分局副手;承辦檢察官;調查官甲,,,P42;P45,vehicle,setup,2890,120,147
37,E37-S20,B04,2026-10-29,.外景 鹽澳分局門口 夜 #E37-S20#,L08,鹽澳分局,NIGHT,C01;C07;C13,宋以寧;郭志豪;蔡承澔,,律師,P31;P35;P37,screen,setup,3010,100,376
37,E37-S21,B04,2026-10-29,.內景 地檢署詢問室 夜 #E37-S21#,L17,地檢署,NIGHT,C15;C16,分局副手;承辦檢察官,,律師,P35;P26;P45;P31,none,setup,3110,90,258
37,E37-S22,B04,2026-10-29,.內景 地檢署補充陳述室 夜 #E37-S22#,L17,地檢署,NIGHT,C01;C16,宋以寧;承辦檢察官,,,P25;P26;P35;P02,none,setup,3200,90,280
37,E37-S23,B05,2026-10-29,.外景 鹽澳漁港消波塊 夜 #E37-S23#,L01,鹽澳漁港消波塊,NIGHT,C01;C02,宋以寧;周晏禮,,,P37;P04,water,setup,3290,90,300
37,E37-S24,B05,2026-10-29,.外景 鹽澳漁港消波塊 夜 #E37-S24#,L01,鹽澳漁港消波塊,NIGHT,C01;C02;C20,宋以寧;周晏禮;海哥,C20,,P04;P31,water;screen,ending,3380,85,14
38,E38-S01,B01,2026-11-06,.內景 阿鸝海產二樓 清晨 #E38-S01#,L04,阿鸝海產,DAWN,C01;C03,宋以寧;宋美惠,,,P11;P12;P13;P01;P36,none,cold_open,0,150,295
38,E38-S02,B01,2026-11-06,.內景 阿鸝海產樓梯 清晨 #E38-S02#,L04,阿鸝海產,DAWN,C01;C03,宋以寧;宋美惠,,,P37,none,setup,150,150,186
38,E38-S03,B04,2026-11-06,.外景 地檢署車旁 早晨 #E38-S03#,L17,地檢署,DAY,C01;C03;C07,宋以寧;宋美惠;郭志豪,,,P42;P37;P11;P12;P13,vehicle,setup,300,150,219
38,E38-S04,B04,2026-11-06,.內景 地檢署短詢問室 早晨 #E38-S04#,L17,地檢署,DAY,C01;C29,宋以寧;調查官甲,,,P04;P31;P35,screen,setup,450,150,259
38,E38-S05,B04,2026-11-06,.內景 地檢署詢問室 日 #E38-S05#,L17,地檢署,DAY,C03;C16,宋美惠;承辦檢察官,,,P11;P12;P13;P35,none,setup,600,150,232
38,E38-S06,B04,2026-11-06,.內景 地檢署詢問室 日 #E38-S06#,L17,地檢署,DAY,C03;C16,宋美惠;承辦檢察官,,,P11;P12;P13;P35,none,setup,750,150,389
38,E38-S07,B04,2026-11-06,.內景 地檢署詢問室 日 #E38-S07#,L17,地檢署,DAY,C03;C16,宋美惠;承辦檢察官,,,P11;P12;P13;P35,none,turn_15,900,180,383
38,E38-S08,B04,2026-11-06,.內景 地檢署走廊 日 #E38-S08#,L17,地檢署,DAY,C01;C03,宋以寧;宋美惠,,,P11;P12;P13;P36,none,setup,1080,180,192
38,E38-S09,B06,2026-11-06,.外景 第二漁港市場鐵鍊外 日 #E38-S09#,L02,第二漁港市場廢墟,DAY,C01;C03;C12,宋以寧;宋美惠;杜可薇,,,P11;P12;P13;P31;P55,screen,setup,1260,180,390
38,E38-S10,B04,2026-11-06,.內景 縣城醫院走廊 日 #E38-S10#,L18,縣城醫院,DAY,C04;C05;C47,陳秀鸝;陳柏諺;醫護人員,,,P35;P37,medical,setup,1440,180,395
38,E38-S11,B01,2026-11-06,.外景 阿鸝海產店門口 午後 #E38-S11#,L04,阿鸝海產,DAY,C01;C02;C04,宋以寧;周晏禮;陳秀鸝,,,P35;P43;P37;P54,none,setup,1620,180,225
38,E38-S12,B10,2026-11-06,.外景 第二漁港市場鐵鍊外 午後 #E38-S12#,L02,第二漁港市場廢墟,DAY,C01;C03;C04;C12;C35,宋以寧;宋美惠;陳秀鸝;杜可薇;鏗鏘助理,,鎮民,P35;P43;P31;P37;P54;P55,crowd;screen,turn_30,1800,160,141
38,E38-S13,B04,2026-11-06,.內景 地檢署詢問室 午後 #E38-S13#,L17,地檢署,DAY,C02;C04;C29,周晏禮;陳秀鸝;調查官甲,,,P35;P43;P37;P54,none,setup,1960,160,247
38,E38-S14,B10,2026-11-06,.外景 蔡承澔服務處門口 午後 #E38-S14#,L27,蔡承澔服務處,DAY,C13;C34,蔡承澔;蔡助理,,記者甲;記者乙,P35;P31,crowd;screen,setup,2120,160,367
38,E38-S15,B01,2026-11-06,.內景 阿鸝海產後間 午後 #E38-S15#,L04,阿鸝海產,DAY,C01;C06;C13,宋以寧;蔡書妍;蔡承澔,,看護協助者,P31;P36,screen,setup,2280,160,422
38,E38-S16,B01,2026-11-06,.內景 阿鸝海產二樓 傍晚 #E38-S16#,L04,阿鸝海產,DUSK,C01;C03,宋以寧;宋美惠,,,P11;P12;P13;P37,none,setup,2440,160,214
38,E38-S17,B10,2026-11-06,.外景 靖瀾宮廟埕 夜 #E38-S17#,L05,靖瀾宮廟埕,NIGHT,C01;C02;C03;C12;C13,宋以寧;周晏禮;宋美惠;杜可薇;蔡承澔,,造勢主持;造勢群眾,P31;P11;P12;P13;P43,crowd;screen,setup,2600,100,173
38,E38-S18,B10,2026-11-06,.外景 靖瀾宮廟埕 夜 #E38-S18#,L05,靖瀾宮廟埕,NIGHT,C01;C03;C12;C13,宋以寧;宋美惠;杜可薇;蔡承澔,,造勢主持;造勢群眾,P13;P31;P43,crowd;screen,climax_45,2700,190,208
38,E38-S19,B10,2026-11-06,.外景 靖瀾宮廟埕 夜 #E38-S19#,L05,靖瀾宮廟埕,NIGHT,C01;C03;C13,宋以寧;宋美惠;蔡承澔,,造勢主持;舞臺協助人員;造勢群眾,P13;P31;P43,crowd,setup,2890,120,48
38,E38-S20,B10,2026-11-06,.外景 靖瀾宮外省道路口 夜 #E38-S20#,L32,鹽澳街區,NIGHT,C01;C03;C07,宋以寧;宋美惠;郭志豪,,鎮民;路人,P37;P43,crowd,setup,3010,100,149
38,E38-S21,B04,2026-11-06,.內景 地檢署等候區 夜 #E38-S21#,L17,地檢署,NIGHT,C06;C16,蔡書妍;承辦檢察官,,,P35;P28;P31,none,setup,3110,90,261
38,E38-S22,B01,2026-11-06,.內景 阿鸝海產後間 夜 #E38-S22#,L04,阿鸝海產,NIGHT,C01;C03;C04;C05,宋以寧;宋美惠;陳秀鸝;陳柏諺,C05,,P11;P12;P13;P31;P37,none,setup,3200,90,222
38,E38-S23,B04,2026-11-06,.內景 地檢署走廊 深夜 #E38-S23#,L17,地檢署,NIGHT,C01;C06;C16,宋以寧;蔡書妍;承辦檢察官,,,P35;P31,none,setup,3290,90,398
38,E38-S24,B04,2026-11-06,.內景 地檢署走廊 深夜 #E38-S24#,L17,地檢署,NIGHT,C01;C06,宋以寧;蔡書妍,,承辦人員,P35;P31,screen,ending,3380,85,7
39,E39-S01,B06,2026-11-07,.內景 杜可薇停車車內 午後 #E39-S01#,L33,車內,DAY,C12,杜可薇,,技術協作者;廟埕工作人員,P31;P42;P35,screen;vehicle,cold_open,0,170,344
39,E39-S02,B04,2026-11-07,.內景 地檢署走廊 午後 #E39-S02#,L17,地檢署,DAY,C01,宋以寧,,承辦人員,P29;P04;P34,screen,setup,170,170,172
39,E39-S03,B01,2026-11-07,.內景 阿鸝海產 午後 #E39-S03#,L04,阿鸝海產,DAY,C03;C04,宋美惠;陳秀鸝,,,P34;P31;P37,screen,setup,340,150,349
39,E39-S04,B04,2026-11-07,.內景 縣城醫院病房 午後 #E39-S04#,L18,縣城醫院,DAY,C05;C07,陳柏諺;郭志豪,,,P31;P37,medical;screen,setup,490,150,232
39,E39-S05,B04,2026-11-07,.內景 地檢署走廊 傍晚 #E39-S05#,L17,地檢署,DUSK,C01;C12,宋以寧;杜可薇,C12,,P04;P29;P31,screen,setup,640,150,221
39,E39-S06,B06,2026-11-07,.內景 蔡承澔服務處 傍晚 #E39-S06#,L27,蔡承澔服務處,DUSK,C13;C34,蔡承澔;蔡助理,,,P31;P43,screen,setup,790,150,391
39,E39-S07,B04,2026-11-07,.內景 地檢署入口 夜 #E39-S07#,L17,地檢署,NIGHT,C01;C06,宋以寧;蔡書妍,,承辦人員,P35,none,turn_15,940,190,189
39,E39-S08,B04,2026-11-07,.內景 地檢署詢問室 夜 #E39-S08#,L17,地檢署,NIGHT,C06;C16,蔡書妍;承辦檢察官,,,P35;P28,none,setup,1130,160,375
39,E39-S09,B04,2026-11-07,.內景 地檢署走廊 夜 #E39-S09#,L17,地檢署,NIGHT,C01;C16,宋以寧;承辦檢察官,,,P04;P29,screen,setup,1290,190,241
39,E39-S10,B04,2026-11-07,.內景 地檢署走廊 夜 #E39-S10#,L17,地檢署,NIGHT,C01;C16,宋以寧;承辦檢察官,,,P04;P29;P35,screen,setup,1480,180,382
39,E39-S11,B04,2026-11-07,.內景 地檢署走廊 夜 #E39-S11#,L17,地檢署,NIGHT,C01;C06,宋以寧;蔡書妍,,,P35;P04,none,setup,1660,180,232
39,E39-S12,B06,2026-11-07,.外景 蔡宅門口 夜 #E39-S12#,L26,鹽澳蔡宅,NIGHT,C16;C29;C34,承辦檢察官;調查官甲;蔡助理,,執行人員,P45;P42;P35,vehicle,turn_30,1840,160,186
39,E39-S13,B10,2026-11-07,.外景 蔡宅執行線外 夜 #E39-S13#,L26,鹽澳蔡宅,NIGHT,C30,調查官乙,,記者甲;新聞播報聲;新聞攝影人員,P45;P31;P42,crowd;screen;vehicle,setup,2000,160,86
39,E39-S14,B01,2026-11-07,.外景 宋記門前 夜 #E39-S14#,L03,宋記,NIGHT,C06;C12,蔡書妍;杜可薇,,攝影員,P35;P31,screen,setup,2160,160,423
39,E39-S15,B01,2026-11-07,.外景 宋記門前 夜 #E39-S15#,L03,宋記,NIGHT,C06;C12,蔡書妍;杜可薇,,攝影員,P35;P31,screen,setup,2320,160,237
39,E39-S16,B04,2026-11-07,.內景 縣城醫院病房 夜 #E39-S16#,L18,縣城醫院,NIGHT,C05;C47;C06,陳柏諺;醫護人員;蔡書妍,,病房家屬,P31;P37,screen;medical,setup,2480,160,350
39,E39-S17,B10,2026-11-07,.外景 靖瀾宮廟埕 夜 #E39-S17#,L05,靖瀾宮廟埕,NIGHT,C01;C02;C03;C04,宋以寧;周晏禮;宋美惠;陳秀鸝,,開票主持;開票群眾,P34;P31;P04;P37,crowd;screen,setup,2640,100,237
39,E39-S18,B10,2026-11-07,.外景 靖瀾宮廟埕 夜 #E39-S18#,L05,靖瀾宮廟埕,NIGHT,C01,宋以寧,,開票主持;鎮民;開票群眾,P31,crowd;screen,climax_45,2740,120,270
39,E39-S19,B10,2026-11-07,.外景 蔡承澔服務處門口 夜 #E39-S19#,L27,蔡承澔服務處,NIGHT,C01;C13;C34,宋以寧;蔡承澔;蔡助理,,記者甲;記者乙;新聞攝影人員,P31;P42,crowd;vehicle,setup,2860,100,121
39,E39-S20,B06,2026-11-07,.外景 鹽澳省道兩側 夜 #E39-S20#,L32,鹽澳街區,NIGHT,C01;C02;C06;C12,宋以寧;周晏禮;蔡書妍;杜可薇,,攝影員,P31;P42,vehicle,setup,2960,100,108
39,E39-S21,B06,2026-11-07,.外景 第二漁港市場鐵鍊外 夜 #E39-S21#,L02,第二漁港市場廢墟,NIGHT,C01;C03;C04,宋以寧;宋美惠;陳秀鸝,,,P34;P37;P55,fire,setup,3060,85,162
39,E39-S22,B06,2026-11-07,.外景 第二漁港市場鐵鍊外 夜 #E39-S22#,L02,第二漁港市場廢墟,NIGHT,C01;C03;C04,宋以寧;宋美惠;陳秀鸝,,,P34;P37;P55,fire,setup,3145,85,310
39,E39-S23,B05,2026-11-07,.內景 漁會值班桌 夜 #E39-S23#,L20,漁會,NIGHT,C07;C41,郭志豪;漁會職員,,,P38;P31;P35,screen,setup,3230,100,285
39,E39-S24,B04,2026-11-07,.內景 縣城醫院病房 夜 #E39-S24#,L18,縣城醫院,NIGHT,C05;C07,陳柏諺;郭志豪,C07,,P38;P31;P37,screen;medical,setup,3330,65,115
39,E39-S25,B05,2026-11-07,.外景 鹽澳漁港碼頭監視器畫面 夜 #E39-S25#,L19,鹽澳漁港碼頭,NIGHT,C05;C20,陳柏諺;海哥,C05,,P38;P42,screen;vehicle;water,ending,3395,70,2
40,E40-S01,B05,2026-11-28,.外景 第二漁港市場後方礁石 清晨 #E40-S01#,L01,鹽澳漁港消波塊,DAWN,C01,宋以寧,,,P02,water,cold_open,0,80,3
40,E40-S02,B01,2026-11-28,.內景 宋記 清晨 #E40-S02#,L03,宋記,DAWN,C01;C03,宋以寧;宋美惠,,,P36;P11;P12;P13;P01,none,setup,80,160,269
40,E40-S03,B01,2026-11-28,.內景 阿鸝海產 清晨 #E40-S03#,L04,阿鸝海產,DAWN,C04;C07,陳秀鸝;郭志豪,,,P36;P37;P55,none,setup,240,170,280
40,E40-S04,B03,2026-11-28,.內景 港區新工作室 清晨 #E40-S04#,L31,港區新工作室,DAWN,C02;C07,周晏禮;郭志豪,,,P49;P35;P37,none,setup,410,160,351
40,E40-S05,B02,2026-11-28,.內景 靖瀾宮功德堂側門 清晨 #E40-S05#,L07,靖瀾宮功德堂,DAWN,C23;C43,印尼老漁工;廟務人員,,譯員,P44;P17,none,setup,570,160,293
40,E40-S06,B04,2026-11-28,.內景 縣城醫院病房 早晨 #E40-S06#,L18,縣城醫院,DAY,C05;C07,陳柏諺;郭志豪,,,P35;P36;P37,medical,setup,730,120,278
40,E40-S07,B04,2026-11-28,.內景 地檢署文書桌 早晨 #E40-S07#,L17,地檢署,DAY,,,,,P35;P31,screen,turn_15,850,90,0
40,E40-S08,B05,2026-11-28,.外景 鹽澳漁港消波塊 早晨 #E40-S08#,L01,鹽澳漁港消波塊,DAY,C01;C02;C16;C29,宋以寧;周晏禮;承辦檢察官;調查官甲,,現場安全及回收人員,P39;P35,water,setup,940,210,258
40,E40-S09,B04,2026-11-28,.內景 縣城醫院病房 早晨 #E40-S09#,L18,縣城醫院,DAY,C05;C07;C30,陳柏諺;郭志豪;調查官乙,,,P35;P37,medical,setup,1150,190,311
40,E40-S10,B04,2026-11-28,.內景 看守所接見登記窗口 早晨 #E40-S10#,L30,縣城看守所接見窗口,DAY,C06,蔡書妍,,接見窗口人員;訪客,P35,none,setup,1340,10,0
40,E40-S11,B02,2026-11-28,.內景 靖瀾宮功德堂側門 早晨 #E40-S11#,L07,靖瀾宮功德堂,DAY,C23;C30;C43,印尼老漁工;調查官乙;廟務人員,,譯員,P44;P48;P18,none,setup,1350,180,288
40,E40-S12,B04,2026-11-28,.外景 鎮公所公告欄 早晨 #E40-S12#,L09,鎮公所禮堂,DAY,C01;C44,宋以寧;鎮公所主持,,,P35;P55,none,setup,1530,170,290
40,E40-S13,B01,2026-11-28,.內景 宋記 早晨 #E40-S13#,L03,宋記,DAY,C01;C03;C08,宋以寧;宋美惠;許明達,,,P35,none,turn_30,1700,190,316
40,E40-S14,B01,2026-11-28,.內景 宋記貨架旁 早晨 #E40-S14#,L03,宋記,DAY,C01;C03;C08,宋以寧;宋美惠;許明達,,,P35;P36,none,setup,1890,150,353
40,E40-S15,B01,2026-11-28,.內景 宋記櫃臺 早晨 #E40-S15#,L03,宋記,DAY,C01;C03,宋以寧;宋美惠,,,P44;P01;P11;P12;P13,none,setup,2040,150,307
40,E40-S16,B01,2026-11-28,.內景 宋記側門 早晨 #E40-S16#,L03,宋記,DAY,C01;C03,宋以寧;宋美惠,,,P35;P44,none,setup,2190,110,267
40,E40-S17,B05,2026-11-28,.內景 港區漁工宿舍 早晨 #E40-S17#,L13,港區漁工宿舍,DAY,C23;C24,印尼老漁工;印尼室友,,譯員,P44;P36,none,setup,2300,100,243
40,E40-S18,B04,2026-11-28,.外景 鎮公所側門 早晨 #E40-S18#,L09,鎮公所禮堂,DAY,C01;C04;C07,宋以寧;陳秀鸝;郭志豪,,鎮公所工作人員,P55;P37,none,setup,2400,100,253
40,E40-S19,B10,2026-11-28,.內景 鎮公所禮堂前排 早晨 #E40-S19#,L09,鎮公所禮堂,DAY,C01;C04;C44,宋以寧;陳秀鸝;鎮公所主持,,收件人員;聽證與會鎮民,P55;P35,crowd,setup,2500,100,261
40,E40-S20,B10,2026-11-28,.內景 鎮公所禮堂 早晨 #E40-S20#,L09,鎮公所禮堂,DAY,C01;C04;C44,宋以寧;陳秀鸝;鎮公所主持,,市場攤商;鎮公所工作人員;會議記錄人員;聽證與會鎮民,P55;P35;P43;P37,crowd,climax_45,2600,140,345
40,E40-S21,B10,2026-11-28,.內景 鎮公所禮堂 早晨 #E40-S21#,L09,鎮公所禮堂,DAY,C01;C04;C07;C44,宋以寧;陳秀鸝;郭志豪;鎮公所主持,,市場攤商;鎮民;會議記錄人員;聽證與會鎮民,P55;P35;P43;P37,crowd,setup,2740,130,359
40,E40-S22,B10,2026-11-28,.內景 鎮公所禮堂 早晨 #E40-S22#,L09,鎮公所禮堂,DAY,C01;C04;C44,宋以寧;陳秀鸝;鎮公所主持,,市場攤商;會議記錄人員;聽證與會鎮民,P55;P35;P43;P37,crowd,setup,2870,110,290
40,E40-S23,B10,2026-11-28,.外景 第二漁港市場入口 早晨 #E40-S23#,L02,第二漁港市場廢墟,DAY,C01;C04,宋以寧;陳秀鸝,,鎮公所工作人員;鎮民,P55;P37,crowd,setup,2980,50,0
40,E40-S24,B10,2026-11-28,.內景 靖瀾宮功德堂側門與廟埕 早晨 #E40-S24#,L07,靖瀾宮功德堂,DAY,C03;C04;C23;C43,宋美惠;陳秀鸝;印尼老漁工;廟務人員,,譯員;另一名廟務人員;鎮民,P17;P44;P37,crowd,setup,3030,90,88
40,E40-S25,B04,2026-11-28,.內景 縣城醫院出院服務處 早晨 #E40-S25#,L18,縣城醫院,DAY,C05;C07;C47,陳柏諺;郭志豪;醫護人員,,,P35;P36;P37,medical,setup,3120,65,178
40,E40-S26,B05,2026-11-28,.內景 港區漁工宿舍 早晨 #E40-S26#,L13,港區漁工宿舍,DAY,C05;C07;C24;C50,陳柏諺;郭志豪;印尼室友;漁港漁工,,,P36;P42,vehicle,setup,3185,90,138
40,E40-S27,B03,2026-11-28,.內景 港區新工作室 早晨 #E40-S27#,L31,港區新工作室,DAY,C01;C02,宋以寧;周晏禮,,搬運人員,P09;P08;P35;P49,none,setup,3275,85,0
40,E40-S28,B01,2026-11-28,.內景 宋記側門 早晨 #E40-S28#,L03,宋記,DAY,C01,宋以寧,,,P02;P35;P01;P11;P12;P13,none,setup,3360,45,0
40,E40-S29,B01,2026-11-28,.內景 宋記新鐵捲門 早晨 #E40-S29#,L03,宋記,DAY,C01;C03;C17,宋以寧;宋美惠;宋以恆,C17,,P04;P36,screen,ending,3405,60,1
